config_id,drift_family,row_count,seed,family,method,n,row_qerr_gm,qerr_improvement_pct,beats_stale_qerr_frac,fresh_plan_match_frac,fresh_root_match_frac,fresh_scan_match_frac,fresh_join_match_frac,stale_fresh_changed_queries,plan_recovery_frac,new_plan_deviation_frac
left_shift_rows100000_seed20260529,left_shift,100000,20260529,all,stale,84,34.923157411246926,0.0,0.0,0.5,0.5833333333333334,0.5,0.6666666666666666,42,0.0,0.0
left_shift_rows100000_seed20260529,left_shift,100000,20260529,all,isomer,84,2.0821394787804826,94.03794034353281,0.9642857142857143,0.9761904761904762,0.9761904761904762,0.9761904761904762,0.9761904761904762,42,0.9523809523809523,0.0
left_shift_rows100000_seed20260529,left_shift,100000,20260529,all,oasis,84,2.3900739360253427,93.15619172722445,0.9642857142857143,0.9404761904761905,0.9523809523809523,0.9404761904761905,0.9642857142857143,42,0.9523809523809523,0.07142857142857142
left_shift_rows100000_seed20260529,left_shift,100000,20260529,all,oasis_projected,84,1.9880566007008895,94.30734003432165,0.9761904761904762,0.9761904761904762,0.9761904761904762,0.9761904761904762,0.9761904761904762,42,0.9523809523809523,0.0
left_shift_rows100000_seed20260529,left_shift,100000,20260529,all,oasis_soft_projection,84,2.012656458001997,94.23690007664133,0.9761904761904762,0.9761904761904762,0.9761904761904762,0.9761904761904762,0.9761904761904762,42,0.9523809523809523,0.0
left_shift_rows100000_seed20260529,left_shift,100000,20260529,all,hybrid,84,1.9973567113210786,94.28070982299602,0.9761904761904762,0.9761904761904762,0.9761904761904762,0.9761904761904762,0.9761904761904762,42,0.9523809523809523,0.0
left_shift_rows100000_seed20260529,left_shift,100000,20260529,all,aggressive_hybrid,84,1.9889663404144773,94.30473505876667,0.9761904761904762,0.9761904761904762,0.9761904761904762,0.9761904761904762,0.9761904761904762,42,0.9523809523809523,0.0
left_shift_rows100000_seed20260529,left_shift,100000,20260529,all,calibrated_hybrid,84,1.9960059658429858,94.28457758747732,0.9761904761904762,0.9761904761904762,0.9761904761904762,0.9761904761904762,0.9761904761904762,42,0.9523809523809523,0.0
left_shift_rows100000_seed20260529,left_shift,100000,20260529,all,fresh,84,1.3355957412524024,96.17561572247108,1.0,1.0,1.0,1.0,1.0,42,1.0,0.0
left_shift_rows100000_seed20260529,left_shift,100000,20260529,scan,stale,28,35.74909755151563,0.0,0.0,0.75,0.75,0.75,1.0,7,0.0,0.0
left_shift_rows100000_seed20260529,left_shift,100000,20260529,scan,isomer,28,2.157413811546561,93.9651237113394,0.9642857142857143,1.0,1.0,1.0,1.0,7,1.0,0.0
left_shift_rows100000_seed20260529,left_shift,100000,20260529,scan,oasis,28,2.467138154074666,93.09874004366281,0.9642857142857143,0.9642857142857143,0.9642857142857143,0.9642857142857143,1.0,7,1.0,0.047619047619047616
left_shift_rows100000_seed20260529,left_shift,100000,20260529,scan,oasis_projected,28,2.060292640018414,94.23679818196959,0.9642857142857143,1.0,1.0,1.0,1.0,7,1.0,0.0
left_shift_rows100000_seed20260529,left_shift,100000,20260529,scan,oasis_soft_projection,28,2.086070539607374,94.16469034889265,0.9642857142857143,1.0,1.0,1.0,1.0,7,1.0,0.0
left_shift_rows100000_seed20260529,left_shift,100000,20260529,scan,hybrid,28,2.067998892329994,94.2152416872903,0.9642857142857143,1.0,1.0,1.0,1.0,7,1.0,0.0
left_shift_rows100000_seed20260529,left_shift,100000,20260529,scan,aggressive_hybrid,28,2.062630479274189,94.23025860638336,0.9642857142857143,1.0,1.0,1.0,1.0,7,1.0,0.0
left_shift_rows100000_seed20260529,left_shift,100000,20260529,scan,calibrated_hybrid,28,2.069341430614948,94.21148624064438,0.9642857142857143,1.0,1.0,1.0,1.0,7,1.0,0.0
left_shift_rows100000_seed20260529,left_shift,100000,20260529,scan,fresh,28,1.3679102678486832,96.17358098095349,1.0,1.0,1.0,1.0,1.0,7,1.0,0.0
left_shift_rows100000_seed20260529,left_shift,100000,20260529,join,stale,28,35.74909755151563,0.0,0.0,0.21428571428571427,0.4642857142857143,0.21428571428571427,0.4642857142857143,22,0.0,0.0
left_shift_rows100000_seed20260529,left_shift,100000,20260529,join,isomer,28,2.157413811546561,93.9651237113394,0.9642857142857143,0.9642857142857143,0.9642857142857143,0.9642857142857143,0.9642857142857143,22,0.9545454545454546,0.0
left_shift_rows100000_seed20260529,left_shift,100000,20260529,join,oasis,28,2.467138154074666,93.09874004366281,0.9642857142857143,0.9285714285714286,0.9642857142857143,0.9285714285714286,0.9642857142857143,22,0.9545454545454546,0.16666666666666666
left_shift_rows100000_seed20260529,left_shift,100000,20260529,join,oasis_projected,28,2.060292640018414,94.23679818196959,0.9642857142857143,0.9642857142857143,0.9642857142857143,0.9642857142857143,0.9642857142857143,22,0.9545454545454546,0.0
left_shift_rows100000_seed20260529,left_shift,100000,20260529,join,oasis_soft_projection,28,2.086070539607374,94.16469034889265,0.9642857142857143,0.9642857142857143,0.9642857142857143,0.9642857142857143,0.9642857142857143,22,0.9545454545454546,0.0
left_shift_rows100000_seed20260529,left_shift,100000,20260529,join,hybrid,28,2.067998892329994,94.2152416872903,0.9642857142857143,0.9642857142857143,0.9642857142857143,0.9642857142857143,0.9642857142857143,22,0.9545454545454546,0.0
left_shift_rows100000_seed20260529,left_shift,100000,20260529,join,aggressive_hybrid,28,2.062630479274189,94.23025860638336,0.9642857142857143,0.9642857142857143,0.9642857142857143,0.9642857142857143,0.9642857142857143,22,0.9545454545454546,0.0
left_shift_rows100000_seed20260529,left_shift,100000,20260529,join,calibrated_hybrid,28,2.069341430614948,94.21148624064438,0.9642857142857143,0.9642857142857143,0.9642857142857143,0.9642857142857143,0.9642857142857143,22,0.9545454545454546,0.0
left_shift_rows100000_seed20260529,left_shift,100000,20260529,join,fresh,28,1.3679102678486832,96.17358098095349,1.0,1.0,1.0,1.0,1.0,22,1.0,0.0
left_shift_rows100000_seed20260529,left_shift,100000,20260529,join_dim_filter,stale,28,33.32808333278737,0.0,0.0,0.5357142857142857,0.5357142857142857,0.5357142857142857,0.5357142857142857,13,0.0,0.0
left_shift_rows100000_seed20260529,left_shift,100000,20260529,join_dim_filter,isomer,28,1.9393783666365902,94.18094839936782,0.9642857142857143,0.9642857142857143,0.9642857142857143,0.9642857142857143,0.9642857142857143,13,0.9230769230769231,0.0
left_shift_rows100000_seed20260529,left_shift,100000,20260529,join_dim_filter,oasis,28,2.2430919064362973,93.26966425270066,0.9642857142857143,0.9285714285714286,0.9285714285714286,0.9285714285714286,0.9285714285714286,13,0.9230769230769231,0.06666666666666667
left_shift_rows100000_seed20260529,left_shift,100000,20260529,join_dim_filter,oasis_projected,28,1.8510937397555258,94.44584400107262,1.0,0.9642857142857143,0.9642857142857143,0.9642857142857143,0.9642857142857143,13,0.9230769230769231,0.0
left_shift_rows100000_seed20260529,left_shift,100000,20260529,join_dim_filter,oasis_soft_projection,28,1.8734882503176502,94.37864988631208,1.0,0.9642857142857143,0.9642857142857143,0.9642857142857143,0.9642857142857143,13,0.9230769230769231,0.0
left_shift_rows100000_seed20260529,left_shift,100000,20260529,join_dim_filter,hybrid,28,1.8632292610450778,94.40943170226632,1.0,0.9642857142857143,0.9642857142857143,0.9642857142857143,0.9642857142857143,13,0.9230769230769231,0.0
left_shift_rows100000_seed20260529,left_shift,100000,20260529,join_dim_filter,aggressive_hybrid,28,1.849436560430039,94.45081632218974,1.0,0.9642857142857143,0.9642857142857143,0.9642857142857143,0.9642857142857143,13,0.9230769230769231,0.0
left_shift_rows100000_seed20260529,left_shift,100000,20260529,join_dim_filter,calibrated_hybrid,28,1.857039746892875,94.42800316972935,1.0,0.9642857142857143,0.9642857142857143,0.9642857142857143,0.9642857142857143,13,0.9230769230769231,0.0
left_shift_rows100000_seed20260529,left_shift,100000,20260529,join_dim_filter,fresh,28,1.2732387799182776,96.1796819600913,1.0,1.0,1.0,1.0,1.0,13,1.0,0.0
left_shift_rows100000_seed20260530,left_shift,100000,20260530,all,stale,84,28.478159294967618,0.0,0.0,0.5238095238095238,0.6071428571428571,0.5238095238095238,0.6904761904761905,40,0.0,0.0
left_shift_rows100000_seed20260530,left_shift,100000,20260530,all,isomer,84,1.9235863138282967,93.24539801219451,0.9285714285714286,0.9880952380952381,0.9880952380952381,0.9880952380952381,0.9880952380952381,40,0.975,0.0
left_shift_rows100000_seed20260530,left_shift,100000,20260530,all,oasis,84,2.2220163385605756,92.19747205026265,0.9285714285714286,0.9523809523809523,0.9642857142857143,0.9523809523809523,0.9761904761904762,40,0.975,0.06818181818181818
left_shift_rows100000_seed20260530,left_shift,100000,20260530,all,oasis_projected,84,1.8431052274380355,93.52800436170139,0.9523809523809523,0.9880952380952381,0.9880952380952381,0.9880952380952381,0.9880952380952381,40,0.975,0.0
left_shift_rows100000_seed20260530,left_shift,100000,20260530,all,oasis_soft_projection,84,1.8588817478081108,93.47260569563358,0.9523809523809523,0.9880952380952381,0.9880952380952381,0.9880952380952381,0.9880952380952381,40,0.975,0.0
left_shift_rows100000_seed20260530,left_shift,100000,20260530,all,hybrid,84,1.8425148895089893,93.53007731144133,0.9523809523809523,0.9880952380952381,0.9880952380952381,0.9880952380952381,0.9880952380952381,40,0.975,0.0
left_shift_rows100000_seed20260530,left_shift,100000,20260530,all,aggressive_hybrid,84,1.8631031371193343,93.45778244365476,0.9523809523809523,0.9880952380952381,0.9880952380952381,0.9880952380952381,0.9880952380952381,40,0.975,0.0
left_shift_rows100000_seed20260530,left_shift,100000,20260530,all,calibrated_hybrid,84,1.8474649894387043,93.51269521915636,0.9523809523809523,0.9880952380952381,0.9880952380952381,0.9880952380952381,0.9880952380952381,40,0.975,0.0
left_shift_rows100000_seed20260530,left_shift,100000,20260530,all,fresh,84,1.3223687946512457,95.35655102931838,0.9642857142857143,1.0,1.0,1.0,1.0,40,1.0,0.0
left_shift_rows100000_seed20260530,left_shift,100000,20260530,scan,stale,28,28.68996216384285,0.0,0.0,0.75,0.75,0.75,1.0,7,0.0,0.0
left_shift_rows100000_seed20260530,left_shift,100000,20260530,scan,isomer,28,1.93966998274219,93.2392034131481,0.9285714285714286,1.0,1.0,1.0,1.0,7,1.0,0.0
left_shift_rows100000_seed20260530,left_shift,100000,20260530,scan,oasis,28,2.24885457590654,92.16152826182284,0.9285714285714286,0.9642857142857143,0.9642857142857143,0.9642857142857143,1.0,7,1.0,0.047619047619047616
left_shift_rows100000_seed20260530,left_shift,100000,20260530,scan,oasis_projected,28,1.8588641027807207,93.52085550979432,0.9642857142857143,1.0,1.0,1.0,1.0,7,1.0,0.0
left_shift_rows100000_seed20260530,left_shift,100000,20260530,scan,oasis_soft_projection,28,1.875242817779362,93.46376684963818,0.9642857142857143,1.0,1.0,1.0,1.0,7,1.0,0.0
left_shift_rows100000_seed20260530,left_shift,100000,20260530,scan,hybrid,28,1.8582166810775005,93.52311212379583,0.9642857142857143,1.0,1.0,1.0,1.0,7,1.0,0.0
left_shift_rows100000_seed20260530,left_shift,100000,20260530,scan,aggressive_hybrid,28,1.8792012494403052,93.44996957922582,0.9642857142857143,1.0,1.0,1.0,1.0,7,1.0,0.0
left_shift_rows100000_seed20260530,left_shift,100000,20260530,scan,calibrated_hybrid,28,1.8633678552101764,93.50515750223427,0.9642857142857143,1.0,1.0,1.0,1.0,7,1.0,0.0
left_shift_rows100000_seed20260530,left_shift,100000,20260530,scan,fresh,28,1.329931792461691,95.36447003705788,0.9642857142857143,1.0,1.0,1.0,1.0,7,1.0,0.0
left_shift_rows100000_seed20260530,left_shift,100000,20260530,join,stale,28,28.68996216384285,0.0,0.0,0.25,0.5,0.25,0.5,21,0.0,0.0
left_shift_rows100000_seed20260530,left_shift,100000,20260530,join,isomer,28,1.93966998274219,93.2392034131481,0.9285714285714286,0.9642857142857143,0.9642857142857143,0.9642857142857143,0.9642857142857143,21,0.9523809523809523,0.0
left_shift_rows100000_seed20260530,left_shift,100000,20260530,join,oasis,28,2.24885457590654,92.16152826182284,0.9285714285714286,0.9285714285714286,0.9642857142857143,0.9285714285714286,0.9642857142857143,21,0.9523809523809523,0.14285714285714285
left_shift_rows100000_seed20260530,left_shift,100000,20260530,join,oasis_projected,28,1.8588641027807207,93.52085550979432,0.9642857142857143,0.9642857142857143,0.9642857142857143,0.9642857142857143,0.9642857142857143,21,0.9523809523809523,0.0
left_shift_rows100000_seed20260530,left_shift,100000,20260530,join,oasis_soft_projection,28,1.875242817779362,93.46376684963818,0.9642857142857143,0.9642857142857143,0.9642857142857143,0.9642857142857143,0.9642857142857143,21,0.9523809523809523,0.0
left_shift_rows100000_seed20260530,left_shift,100000,20260530,join,hybrid,28,1.8582166810775005,93.52311212379583,0.9642857142857143,0.9642857142857143,0.9642857142857143,0.9642857142857143,0.9642857142857143,21,0.9523809523809523,0.0
left_shift_rows100000_seed20260530,left_shift,100000,20260530,join,aggressive_hybrid,28,1.8792012494403052,93.44996957922582,0.9642857142857143,0.9642857142857143,0.9642857142857143,0.9642857142857143,0.9642857142857143,21,0.9523809523809523,0.0
left_shift_rows100000_seed20260530,left_shift,100000,20260530,join,calibrated_hybrid,28,1.8633678552101764,93.50515750223427,0.9642857142857143,0.9642857142857143,0.9642857142857143,0.9642857142857143,0.9642857142857143,21,0.9523809523809523,0.0
left_shift_rows100000_seed20260530,left_shift,100000,20260530,join,fresh,28,1.329931792461691,95.36447003705788,0.9642857142857143,1.0,1.0,1.0,1.0,21,1.0,0.0
left_shift_rows100000_seed20260530,left_shift,100000,20260530,join_dim_filter,stale,28,28.059232900603114,0.0,0.0,0.5714285714285714,0.5714285714285714,0.5714285714285714,0.5714285714285714,12,0.0,0.0
left_shift_rows100000_seed20260530,left_shift,100000,20260530,join_dim_filter,isomer,28,1.8918179656342768,93.257770188031,0.9285714285714286,1.0,1.0,1.0,1.0,12,1.0,0.0
left_shift_rows100000_seed20260530,left_shift,100000,20260530,join_dim_filter,oasis,28,2.1692969185807063,92.26886591566772,0.9285714285714286,0.9642857142857143,0.9642857142857143,0.9642857142857143,0.9642857142857143,12,1.0,0.0625
left_shift_rows100000_seed20260530,left_shift,100000,20260530,join_dim_filter,oasis_projected,28,1.8119871407663406,93.54227841087062,0.9285714285714286,1.0,1.0,1.0,1.0,12,1.0,0.0
left_shift_rows100000_seed20260530,left_shift,100000,20260530,join_dim_filter,oasis_soft_projection,28,1.8265866023521147,93.49024754588764,0.9285714285714286,1.0,1.0,1.0,1.0,12,1.0,0.0
left_shift_rows100000_seed20260530,left_shift,100000,20260530,join_dim_filter,hybrid,28,1.8115082221275425,93.54398522388469,0.9285714285714286,1.0,1.0,1.0,1.0,12,1.0,0.0
left_shift_rows100000_seed20260530,left_shift,100000,20260530,join_dim_filter,aggressive_hybrid,28,1.8313194428906863,93.47338022611686,0.9285714285714286,1.0,1.0,1.0,1.0,12,1.0,0.0
left_shift_rows100000_seed20260530,left_shift,100000,20260530,join_dim_filter,calibrated_hybrid,28,1.8160652673902087,93.52774441901734,0.9285714285714286,1.0,1.0,1.0,1.0,12,1.0,0.0
left_shift_rows100000_seed20260530,left_shift,100000,20260530,join_dim_filter,fresh,28,1.3073715812222035,95.34067240592988,0.9642857142857143,1.0,1.0,1.0,1.0,12,1.0,0.0
left_shift_rows100000_seed20260531,left_shift,100000,20260531,all,stale,84,33.78720238219058,0.0,0.0,0.5238095238095238,0.6071428571428571,0.5238095238095238,0.6904761904761905,40,0.0,0.0
left_shift_rows100000_seed20260531,left_shift,100000,20260531,all,isomer,84,2.2139177849423515,93.44746641080494,0.9642857142857143,0.9761904761904762,0.9761904761904762,0.9761904761904762,0.9761904761904762,40,0.95,0.0
left_shift_rows100000_seed20260531,left_shift,100000,20260531,all,oasis,84,2.601741992042211,92.29962290866199,0.9642857142857143,0.9285714285714286,0.9404761904761905,0.9285714285714286,0.9523809523809523,40,0.925,0.06818181818181818
left_shift_rows100000_seed20260531,left_shift,100000,20260531,all,oasis_projected,84,2.11550295440266,93.73874483458934,1.0,0.9761904761904762,0.9761904761904762,0.9761904761904762,0.9761904761904762,40,0.95,0.0
left_shift_rows100000_seed20260531,left_shift,100000,20260531,all,oasis_soft_projection,84,2.133518519319285,93.68542415798274,1.0,0.9761904761904762,0.9761904761904762,0.9761904761904762,0.9761904761904762,40,0.95,0.0
left_shift_rows100000_seed20260531,left_shift,100000,20260531,all,hybrid,84,2.118695843045519,93.72929484045623,1.0,0.9761904761904762,0.9761904761904762,0.9761904761904762,0.9761904761904762,40,0.95,0.0
left_shift_rows100000_seed20260531,left_shift,100000,20260531,all,aggressive_hybrid,84,2.120795816820853,93.72307954700997,0.9642857142857143,0.9761904761904762,0.9761904761904762,0.9761904761904762,0.9761904761904762,40,0.95,0.0
left_shift_rows100000_seed20260531,left_shift,100000,20260531,all,calibrated_hybrid,84,2.1081217035959745,93.76059112633966,1.0,0.9761904761904762,0.9761904761904762,0.9761904761904762,0.9761904761904762,40,0.95,0.0
left_shift_rows100000_seed20260531,left_shift,100000,20260531,all,fresh,84,1.4334097406934774,95.75753646460817,1.0,1.0,1.0,1.0,1.0,40,1.0,0.0
left_shift_rows100000_seed20260531,left_shift,100000,20260531,scan,stale,28,34.61086258929645,0.0,0.0,0.75,0.75,0.75,1.0,7,0.0,0.0
left_shift_rows100000_seed20260531,left_shift,100000,20260531,scan,isomer,28,2.2557038164517618,93.48267090820976,0.9642857142857143,1.0,1.0,1.0,1.0,7,1.0,0.0
left_shift_rows100000_seed20260531,left_shift,100000,20260531,scan,oasis,28,2.659850226278656,92.31498429310679,0.9642857142857143,0.9642857142857143,0.9642857142857143,0.9642857142857143,1.0,7,1.0,0.047619047619047616
left_shift_rows100000_seed20260531,left_shift,100000,20260531,scan,oasis_projected,28,2.1559687218665693,93.77083215911148,1.0,1.0,1.0,1.0,1.0,7,1.0,0.0
left_shift_rows100000_seed20260531,left_shift,100000,20260531,scan,oasis_soft_projection,28,2.1742395363420766,93.71804290998956,1.0,1.0,1.0,1.0,1.0,7,1.0,0.0
left_shift_rows100000_seed20260531,left_shift,100000,20260531,scan,hybrid,28,2.1592317602672453,93.76140437212045,1.0,1.0,1.0,1.0,1.0,7,1.0,0.0
left_shift_rows100000_seed20260531,left_shift,100000,20260531,scan,aggressive_hybrid,28,2.161117983038463,93.75595457217297,0.9642857142857143,1.0,1.0,1.0,1.0,7,1.0,0.0
left_shift_rows100000_seed20260531,left_shift,100000,20260531,scan,calibrated_hybrid,28,2.1481424492786108,93.79344434500476,1.0,1.0,1.0,1.0,1.0,7,1.0,0.0
left_shift_rows100000_seed20260531,left_shift,100000,20260531,scan,fresh,28,1.4583049214906887,95.78656868857792,1.0,1.0,1.0,1.0,1.0,7,1.0,0.0
left_shift_rows100000_seed20260531,left_shift,100000,20260531,join,stale,28,34.61086258929645,0.0,0.0,0.21428571428571427,0.4642857142857143,0.21428571428571427,0.4642857142857143,22,0.0,0.0
left_shift_rows100000_seed20260531,left_shift,100000,20260531,join,isomer,28,2.2557038164517618,93.48267090820976,0.9642857142857143,0.9285714285714286,0.9285714285714286,0.9285714285714286,0.9285714285714286,22,0.9090909090909091,0.0
left_shift_rows100000_seed20260531,left_shift,100000,20260531,join,oasis,28,2.659850226278656,92.31498429310679,0.9642857142857143,0.8571428571428571,0.8928571428571429,0.8571428571428571,0.8928571428571429,22,0.8636363636363636,0.16666666666666666
left_shift_rows100000_seed20260531,left_shift,100000,20260531,join,oasis_projected,28,2.1559687218665693,93.77083215911148,1.0,0.9285714285714286,0.9285714285714286,0.9285714285714286,0.9285714285714286,22,0.9090909090909091,0.0
left_shift_rows100000_seed20260531,left_shift,100000,20260531,join,oasis_soft_projection,28,2.1742395363420766,93.71804290998956,1.0,0.9285714285714286,0.9285714285714286,0.9285714285714286,0.9285714285714286,22,0.9090909090909091,0.0
left_shift_rows100000_seed20260531,left_shift,100000,20260531,join,hybrid,28,2.1592317602672453,93.76140437212045,1.0,0.9285714285714286,0.9285714285714286,0.9285714285714286,0.9285714285714286,22,0.9090909090909091,0.0
left_shift_rows100000_seed20260531,left_shift,100000,20260531,join,aggressive_hybrid,28,2.161117983038463,93.75595457217297,0.9642857142857143,0.9285714285714286,0.9285714285714286,0.9285714285714286,0.9285714285714286,22,0.9090909090909091,0.0
left_shift_rows100000_seed20260531,left_shift,100000,20260531,join,calibrated_hybrid,28,2.1481424492786108,93.79344434500476,1.0,0.9285714285714286,0.9285714285714286,0.9285714285714286,0.9285714285714286,22,0.9090909090909091,0.0
left_shift_rows100000_seed20260531,left_shift,100000,20260531,join,fresh,28,1.4583049214906887,95.78656868857792,1.0,1.0,1.0,1.0,1.0,22,1.0,0.0
left_shift_rows100000_seed20260531,left_shift,100000,20260531,join_dim_filter,stale,28,32.19821924969973,0.0,0.0,0.6071428571428571,0.6071428571428571,0.6071428571428571,0.6071428571428571,11,0.0,0.0
left_shift_rows100000_seed20260531,left_shift,100000,20260531,join_dim_filter,isomer,28,2.132653592283407,93.37648589897314,0.9642857142857143,1.0,1.0,1.0,1.0,11,1.0,0.0
left_shift_rows100000_seed20260531,left_shift,100000,20260531,join_dim_filter,oasis,28,2.4893061630292554,92.26880796194197,0.9642857142857143,0.9642857142857143,0.9642857142857143,0.9642857142857143,0.9642857142857143,11,1.0,0.058823529411764705
left_shift_rows100000_seed20260531,left_shift,100000,20260531,join_dim_filter,oasis_projected,28,2.0368356920648423,93.67407347509183,1.0,1.0,1.0,1.0,1.0,11,1.0,0.0
left_shift_rows100000_seed20260531,left_shift,100000,20260531,join_dim_filter,oasis_soft_projection,28,2.054350175632618,93.61967766073965,1.0,1.0,1.0,1.0,1.0,11,1.0,0.0
left_shift_rows100000_seed20260531,left_shift,100000,20260531,join_dim_filter,hybrid,28,2.039892701703803,93.66457913127346,1.0,1.0,1.0,1.0,1.0,11,1.0,0.0
left_shift_rows100000_seed20260531,left_shift,100000,20260531,join_dim_filter,aggressive_hybrid,28,2.04239444181255,93.65680932236153,0.9642857142857143,1.0,1.0,1.0,1.0,11,1.0,0.0
left_shift_rows100000_seed20260531,left_shift,100000,20260531,join_dim_filter,calibrated_hybrid,28,2.030303128450274,93.69436206174909,1.0,1.0,1.0,1.0,1.0,11,1.0,0.0
left_shift_rows100000_seed20260531,left_shift,100000,20260531,join_dim_filter,fresh,28,1.384887104226343,95.69887050744505,1.0,1.0,1.0,1.0,1.0,11,1.0,0.0
left_shift_rows200000_seed20260529,left_shift,200000,20260529,all,stale,84,35.459305743593646,0.0,0.0,0.5,0.5833333333333334,0.5,0.6666666666666666,42,0.0,0.0
left_shift_rows200000_seed20260529,left_shift,200000,20260529,all,isomer,84,2.3343323696412153,93.41686950522725,0.9642857142857143,0.9642857142857143,0.9642857142857143,0.9642857142857143,0.9642857142857143,42,0.9285714285714286,0.0
left_shift_rows200000_seed20260529,left_shift,200000,20260529,all,oasis,84,2.728231305369275,92.30602165452102,0.9642857142857143,0.9285714285714286,0.9404761904761905,0.9285714285714286,0.9523809523809523,42,0.9285714285714286,0.07142857142857142
left_shift_rows200000_seed20260529,left_shift,200000,20260529,all,oasis_projected,84,2.2478430275075394,93.66078105487541,0.9642857142857143,0.9761904761904762,0.9761904761904762,0.9761904761904762,0.9761904761904762,42,0.9523809523809523,0.0
left_shift_rows200000_seed20260529,left_shift,200000,20260529,all,oasis_soft_projection,84,2.2658632772121767,93.60996153281556,0.9642857142857143,0.9761904761904762,0.9761904761904762,0.9761904761904762,0.9761904761904762,42,0.9523809523809523,0.0
left_shift_rows200000_seed20260529,left_shift,200000,20260529,all,hybrid,84,2.2308852406464914,93.70860428915887,0.9642857142857143,0.9761904761904762,0.9761904761904762,0.9761904761904762,0.9761904761904762,42,0.9523809523809523,0.0
left_shift_rows200000_seed20260529,left_shift,200000,20260529,all,aggressive_hybrid,84,2.270307755161519,93.59742750865423,0.9642857142857143,0.9761904761904762,0.9761904761904762,0.9761904761904762,0.9761904761904762,42,0.9523809523809523,0.0
left_shift_rows200000_seed20260529,left_shift,200000,20260529,all,calibrated_hybrid,84,2.2726612101781485,93.59079044972913,0.9642857142857143,0.9761904761904762,0.9761904761904762,0.9761904761904762,0.9761904761904762,42,0.9523809523809523,0.0
left_shift_rows200000_seed20260529,left_shift,200000,20260529,all,fresh,84,1.4938272602375726,95.78720668972076,1.0,1.0,1.0,1.0,1.0,42,1.0,0.0
left_shift_rows200000_seed20260529,left_shift,200000,20260529,scan,stale,28,36.55036572329042,0.0,0.0,0.75,0.75,0.75,1.0,7,0.0,0.0
left_shift_rows200000_seed20260529,left_shift,200000,20260529,scan,isomer,28,2.387976075542158,93.46661509868149,0.9642857142857143,1.0,1.0,1.0,1.0,7,1.0,0.0
left_shift_rows200000_seed20260529,left_shift,200000,20260529,scan,oasis,28,2.7883823343755627,92.3711233001459,0.9642857142857143,0.9642857142857143,0.9642857142857143,0.9642857142857143,1.0,7,1.0,0.047619047619047616
left_shift_rows200000_seed20260529,left_shift,200000,20260529,scan,oasis_projected,28,2.2976449922333866,93.71375649253957,0.9642857142857143,1.0,1.0,1.0,1.0,7,1.0,0.0
left_shift_rows200000_seed20260529,left_shift,200000,20260529,scan,oasis_soft_projection,28,2.314936276329624,93.66644839109088,0.9642857142857143,1.0,1.0,1.0,1.0,7,1.0,0.0
left_shift_rows200000_seed20260529,left_shift,200000,20260529,scan,hybrid,28,2.280112402426915,93.76172479452374,0.9642857142857143,1.0,1.0,1.0,1.0,7,1.0,0.0
left_shift_rows200000_seed20260529,left_shift,200000,20260529,scan,aggressive_hybrid,28,2.3202961474872192,93.65178404765265,0.9642857142857143,1.0,1.0,1.0,1.0,7,1.0,0.0
left_shift_rows200000_seed20260529,left_shift,200000,20260529,scan,calibrated_hybrid,28,2.322817402362879,93.64488601852007,0.9642857142857143,1.0,1.0,1.0,1.0,7,1.0,0.0
left_shift_rows200000_seed20260529,left_shift,200000,20260529,scan,fresh,28,1.5271138677325717,95.82189168969252,1.0,1.0,1.0,1.0,1.0,7,1.0,0.0
left_shift_rows200000_seed20260529,left_shift,200000,20260529,join,stale,28,36.55036572329042,0.0,0.0,0.21428571428571427,0.4642857142857143,0.21428571428571427,0.4642857142857143,22,0.0,0.0
left_shift_rows200000_seed20260529,left_shift,200000,20260529,join,isomer,28,2.387976075542158,93.46661509868149,0.9642857142857143,0.9642857142857143,0.9642857142857143,0.9642857142857143,0.9642857142857143,22,0.9545454545454546,0.0
left_shift_rows200000_seed20260529,left_shift,200000,20260529,join,oasis,28,2.7883823343755627,92.3711233001459,0.9642857142857143,0.8928571428571429,0.9285714285714286,0.8928571428571429,0.9285714285714286,22,0.9090909090909091,0.16666666666666666
left_shift_rows200000_seed20260529,left_shift,200000,20260529,join,oasis_projected,28,2.2976449922333866,93.71375649253957,0.9642857142857143,0.9642857142857143,0.9642857142857143,0.9642857142857143,0.9642857142857143,22,0.9545454545454546,0.0
left_shift_rows200000_seed20260529,left_shift,200000,20260529,join,oasis_soft_projection,28,2.314936276329624,93.66644839109088,0.9642857142857143,0.9642857142857143,0.9642857142857143,0.9642857142857143,0.9642857142857143,22,0.9545454545454546,0.0
left_shift_rows200000_seed20260529,left_shift,200000,20260529,join,hybrid,28,2.280112402426915,93.76172479452374,0.9642857142857143,0.9642857142857143,0.9642857142857143,0.9642857142857143,0.9642857142857143,22,0.9545454545454546,0.0
left_shift_rows200000_seed20260529,left_shift,200000,20260529,join,aggressive_hybrid,28,2.3202961474872192,93.65178404765265,0.9642857142857143,0.9642857142857143,0.9642857142857143,0.9642857142857143,0.9642857142857143,22,0.9545454545454546,0.0
left_shift_rows200000_seed20260529,left_shift,200000,20260529,join,calibrated_hybrid,28,2.322817402362879,93.64488601852007,0.9642857142857143,0.9642857142857143,0.9642857142857143,0.9642857142857143,0.9642857142857143,22,0.9545454545454546,0.0
left_shift_rows200000_seed20260529,left_shift,200000,20260529,join,fresh,28,1.5271138677325717,95.82189168969252,1.0,1.0,1.0,1.0,1.0,22,1.0,0.0
left_shift_rows200000_seed20260529,left_shift,200000,20260529,join_dim_filter,stale,28,33.37392081667771,0.0,0.0,0.5357142857142857,0.5357142857142857,0.5357142857142857,0.5357142857142857,13,0.0,0.0
left_shift_rows200000_seed20260529,left_shift,200000,20260529,join_dim_filter,isomer,28,2.2306330582039546,93.31623913637004,0.9642857142857143,0.9285714285714286,0.9285714285714286,0.9285714285714286,0.9285714285714286,13,0.8461538461538461,0.0
left_shift_rows200000_seed20260529,left_shift,200000,20260529,join_dim_filter,oasis,28,2.611793992886087,92.17414697172495,0.9642857142857143,0.9285714285714286,0.9285714285714286,0.9285714285714286,0.9285714285714286,13,0.9230769230769231,0.06666666666666667
left_shift_rows200000_seed20260529,left_shift,200000,20260529,join_dim_filter,oasis_projected,28,2.1514541062220465,93.55348711336633,0.9642857142857143,0.9642857142857143,0.9642857142857143,0.9642857142857143,0.9642857142857143,13,0.9230769230769231,0.0
left_shift_rows200000_seed20260529,left_shift,200000,20260529,join_dim_filter,oasis_soft_projection,28,2.1708160375139522,93.49547196016255,0.9642857142857143,0.9642857142857143,0.9642857142857143,0.9642857142857143,0.9642857142857143,13,0.9230769230769231,0.0
left_shift_rows200000_seed20260529,left_shift,200000,20260529,join_dim_filter,hybrid,28,2.1355963845072696,93.60100242270586,0.9642857142857143,0.9642857142857143,0.9642857142857143,0.9642857142857143,0.9642857142857143,13,0.9230769230769231,0.0
left_shift_rows200000_seed20260529,left_shift,200000,20260529,join_dim_filter,aggressive_hybrid,28,2.1735386141498116,93.48731416338818,0.9642857142857143,0.9642857142857143,0.9642857142857143,0.9642857142857143,0.9642857142857143,13,0.9230769230769231,0.0
left_shift_rows200000_seed20260529,left_shift,200000,20260529,join_dim_filter,calibrated_hybrid,28,2.1755744822811844,93.48121398671864,0.9642857142857143,0.9642857142857143,0.9642857142857143,0.9642857142857143,0.9642857142857143,13,0.9230769230769231,0.0
left_shift_rows200000_seed20260529,left_shift,200000,20260529,join_dim_filter,fresh,28,1.429414881888779,95.7169704760177,1.0,1.0,1.0,1.0,1.0,13,1.0,0.0
left_shift_rows200000_seed20260530,left_shift,200000,20260530,all,stale,84,37.51795885954944,0.0,0.0,0.5,0.5833333333333334,0.5,0.6666666666666666,42,0.0,0.0
left_shift_rows200000_seed20260530,left_shift,200000,20260530,all,isomer,84,2.3879022969173804,93.6353086108532,0.9642857142857143,0.9761904761904762,0.9761904761904762,0.9761904761904762,0.9761904761904762,42,0.9523809523809523,0.0
left_shift_rows200000_seed20260530,left_shift,200000,20260530,all,oasis,84,2.752813879559135,92.6626768533319,0.9642857142857143,0.9166666666666666,0.9285714285714286,0.9166666666666666,0.9404761904761905,42,0.9047619047619048,0.07142857142857142
left_shift_rows200000_seed20260530,left_shift,200000,20260530,all,oasis_projected,84,2.2697312100170723,93.95028066821563,1.0,0.9761904761904762,0.9761904761904762,0.9761904761904762,0.9761904761904762,42,0.9523809523809523,0.0
left_shift_rows200000_seed20260530,left_shift,200000,20260530,all,oasis_soft_projection,84,2.2699813860621134,93.94961385143603,1.0,0.9761904761904762,0.9761904761904762,0.9761904761904762,0.9761904761904762,42,0.9523809523809523,0.0
left_shift_rows200000_seed20260530,left_shift,200000,20260530,all,hybrid,84,2.2953235639637595,93.8820670587213,1.0,0.9761904761904762,0.9761904761904762,0.9761904761904762,0.9761904761904762,42,0.9523809523809523,0.0
left_shift_rows200000_seed20260530,left_shift,200000,20260530,all,aggressive_hybrid,84,2.2541049110235605,93.99193085247008,0.9761904761904762,0.9761904761904762,0.9761904761904762,0.9761904761904762,0.9761904761904762,42,0.9523809523809523,0.0
left_shift_rows200000_seed20260530,left_shift,200000,20260530,all,calibrated_hybrid,84,2.3430290430601,93.7549133420841,1.0,0.9761904761904762,0.9761904761904762,0.9761904761904762,0.9761904761904762,42,0.9523809523809523,0.0
left_shift_rows200000_seed20260530,left_shift,200000,20260530,all,fresh,84,1.5412288730100534,95.89202366050954,1.0,1.0,1.0,1.0,1.0,42,1.0,0.0
left_shift_rows200000_seed20260530,left_shift,200000,20260530,scan,stale,28,38.77360746915124,0.0,0.0,0.75,0.75,0.75,1.0,7,0.0,0.0
left_shift_rows200000_seed20260530,left_shift,200000,20260530,scan,isomer,28,2.4747640993161637,93.61740044104714,0.9642857142857143,1.0,1.0,1.0,1.0,7,1.0,0.0
left_shift_rows200000_seed20260530,left_shift,200000,20260530,scan,oasis,28,2.8428750188248277,92.66801516705235,0.9642857142857143,0.9642857142857143,0.9642857142857143,0.9642857142857143,1.0,7,1.0,0.047619047619047616
left_shift_rows200000_seed20260530,left_shift,200000,20260530,scan,oasis_projected,28,2.353161836783266,93.93102166556085,1.0,1.0,1.0,1.0,1.0,7,1.0,0.0
left_shift_rows200000_seed20260530,left_shift,200000,20260530,scan,oasis_soft_projection,28,2.352543163085103,93.93261727076384,1.0,1.0,1.0,1.0,1.0,7,1.0,0.0
left_shift_rows200000_seed20260530,left_shift,200000,20260530,scan,hybrid,28,2.3798882308873486,93.86209231941905,1.0,1.0,1.0,1.0,1.0,7,1.0,0.0
left_shift_rows200000_seed20260530,left_shift,200000,20260530,scan,aggressive_hybrid,28,2.3368952312034046,93.97297444385934,0.9642857142857143,1.0,1.0,1.0,1.0,7,1.0,0.0
left_shift_rows200000_seed20260530,left_shift,200000,20260530,scan,calibrated_hybrid,28,2.4300801382434885,93.73264367991322,1.0,1.0,1.0,1.0,1.0,7,1.0,0.0
left_shift_rows200000_seed20260530,left_shift,200000,20260530,scan,fresh,28,1.5933542419281193,95.89062162143203,1.0,1.0,1.0,1.0,1.0,7,1.0,0.0
left_shift_rows200000_seed20260530,left_shift,200000,20260530,join,stale,28,38.77360746915124,0.0,0.0,0.21428571428571427,0.4642857142857143,0.21428571428571427,0.4642857142857143,22,0.0,0.0
left_shift_rows200000_seed20260530,left_shift,200000,20260530,join,isomer,28,2.4747640993161637,93.61740044104714,0.9642857142857143,0.9642857142857143,0.9642857142857143,0.9642857142857143,0.9642857142857143,22,0.9545454545454546,0.0
left_shift_rows200000_seed20260530,left_shift,200000,20260530,join,oasis,28,2.8428750188248277,92.66801516705235,0.9642857142857143,0.8571428571428571,0.8928571428571429,0.8571428571428571,0.8928571428571429,22,0.8636363636363636,0.16666666666666666
left_shift_rows200000_seed20260530,left_shift,200000,20260530,join,oasis_projected,28,2.353161836783266,93.93102166556085,1.0,0.9642857142857143,0.9642857142857143,0.9642857142857143,0.9642857142857143,22,0.9545454545454546,0.0
left_shift_rows200000_seed20260530,left_shift,200000,20260530,join,oasis_soft_projection,28,2.352543163085103,93.93261727076384,1.0,0.9642857142857143,0.9642857142857143,0.9642857142857143,0.9642857142857143,22,0.9545454545454546,0.0
left_shift_rows200000_seed20260530,left_shift,200000,20260530,join,hybrid,28,2.3798882308873486,93.86209231941905,1.0,0.9642857142857143,0.9642857142857143,0.9642857142857143,0.9642857142857143,22,0.9545454545454546,0.0
left_shift_rows200000_seed20260530,left_shift,200000,20260530,join,aggressive_hybrid,28,2.3368952312034046,93.97297444385934,0.9642857142857143,0.9642857142857143,0.9642857142857143,0.9642857142857143,0.9642857142857143,22,0.9545454545454546,0.0
left_shift_rows200000_seed20260530,left_shift,200000,20260530,join,calibrated_hybrid,28,2.4300801382434885,93.73264367991322,1.0,0.9642857142857143,0.9642857142857143,0.9642857142857143,0.9642857142857143,22,0.9545454545454546,0.0
left_shift_rows200000_seed20260530,left_shift,200000,20260530,join,fresh,28,1.5933542419281193,95.89062162143203,1.0,1.0,1.0,1.0,1.0,22,1.0,0.0
left_shift_rows200000_seed20260530,left_shift,200000,20260530,join_dim_filter,stale,28,35.12733397614706,0.0,0.0,0.5357142857142857,0.5357142857142857,0.5357142857142857,0.5357142857142857,13,0.0,0.0
left_shift_rows200000_seed20260530,left_shift,200000,20260530,join_dim_filter,isomer,28,2.2232179767054037,93.6709743522948,0.9642857142857143,0.9642857142857143,0.9642857142857143,0.9642857142857143,0.9642857142857143,13,0.9230769230769231,0.0
left_shift_rows200000_seed20260530,left_shift,200000,20260530,join_dim_filter,oasis,28,2.5811605181470174,92.65198856281056,0.9642857142857143,0.9285714285714286,0.9285714285714286,0.9285714285714286,0.9285714285714286,13,0.9230769230769231,0.06666666666666667
left_shift_rows200000_seed20260530,left_shift,200000,20260530,join_dim_filter,oasis_projected,28,2.111639102633798,93.98861552070052,1.0,0.9642857142857143,0.9642857142857143,0.9642857142857143,0.9642857142857143,13,0.9230769230769231,0.0
left_shift_rows200000_seed20260530,left_shift,200000,20260530,join_dim_filter,oasis_soft_projection,28,2.1134485861777836,93.98346430841322,1.0,0.9642857142857143,0.9642857142857143,0.9642857142857143,0.9642857142857143,13,0.9230769230769231,0.0
left_shift_rows200000_seed20260530,left_shift,200000,20260530,join_dim_filter,hybrid,28,2.1351019784398586,93.92182173605978,1.0,0.9642857142857143,0.9642857142857143,0.9642857142857143,0.9642857142857143,13,0.9230769230769231,0.0
left_shift_rows200000_seed20260530,left_shift,200000,20260530,join_dim_filter,aggressive_hybrid,28,2.0972195183986453,94.02966499016763,1.0,0.9642857142857143,0.9642857142857143,0.9642857142857143,0.9642857142857143,13,0.9230769230769231,0.0
left_shift_rows200000_seed20260530,left_shift,200000,20260530,join_dim_filter,calibrated_hybrid,28,2.17817026055105,93.79921555666559,1.0,0.9642857142857143,0.9642857142857143,0.9642857142857143,0.9642857142857143,13,0.9230769230769231,0.0
left_shift_rows200000_seed20260530,left_shift,200000,20260530,join_dim_filter,fresh,28,1.4420380745709773,95.8948263037833,1.0,1.0,1.0,1.0,1.0,13,1.0,0.0
left_shift_rows200000_seed20260531,left_shift,200000,20260531,all,stale,84,36.25402727704776,0.0,0.0,0.5119047619047619,0.5952380952380952,0.5119047619047619,0.6785714285714286,41,0.0,0.0
left_shift_rows200000_seed20260531,left_shift,200000,20260531,all,isomer,84,2.3372594065166785,93.55310407680864,1.0,0.9761904761904762,0.9761904761904762,0.9761904761904762,0.9761904761904762,41,0.9512195121951219,0.0
left_shift_rows200000_seed20260531,left_shift,200000,20260531,all,oasis,84,2.7280251333363794,92.47524940473723,0.9642857142857143,0.9285714285714286,0.9404761904761905,0.9285714285714286,0.9523809523809523,41,0.926829268292683,0.06976744186046512
left_shift_rows200000_seed20260531,left_shift,200000,20260531,all,oasis_projected,84,2.268694369972999,93.74222799404882,1.0,0.9761904761904762,0.9761904761904762,0.9761904761904762,0.9761904761904762,41,0.9512195121951219,0.0
left_shift_rows200000_seed20260531,left_shift,200000,20260531,all,oasis_soft_projection,84,2.2910313763967998,93.68061551096355,1.0,0.9761904761904762,0.9761904761904762,0.9761904761904762,0.9761904761904762,41,0.9512195121951219,0.0
left_shift_rows200000_seed20260531,left_shift,200000,20260531,all,hybrid,84,2.216317291966136,93.88670043460448,1.0,0.9761904761904762,0.9761904761904762,0.9761904761904762,0.9761904761904762,41,0.9512195121951219,0.0
left_shift_rows200000_seed20260531,left_shift,200000,20260531,all,aggressive_hybrid,84,2.2380074712564832,93.82687210401767,1.0,0.9761904761904762,0.9761904761904762,0.9761904761904762,0.9761904761904762,41,0.9512195121951219,0.0
left_shift_rows200000_seed20260531,left_shift,200000,20260531,all,calibrated_hybrid,84,2.25210289847441,93.78799248628522,1.0,0.9761904761904762,0.9761904761904762,0.9761904761904762,0.9761904761904762,41,0.9512195121951219,0.0
left_shift_rows200000_seed20260531,left_shift,200000,20260531,all,fresh,84,1.56277473121851,95.68937619184753,1.0,1.0,1.0,1.0,1.0,41,1.0,0.0
left_shift_rows200000_seed20260531,left_shift,200000,20260531,scan,stale,28,36.218893747689435,0.0,0.0,0.75,0.75,0.75,1.0,7,0.0,0.0
left_shift_rows200000_seed20260531,left_shift,200000,20260531,scan,isomer,28,2.344181259050229,93.52773920876648,1.0,1.0,1.0,1.0,1.0,7,1.0,0.0
left_shift_rows200000_seed20260531,left_shift,200000,20260531,scan,oasis,28,2.73512535209346,92.44834651453718,0.9642857142857143,0.9642857142857143,0.9642857142857143,0.9642857142857143,1.0,7,1.0,0.047619047619047616
left_shift_rows200000_seed20260531,left_shift,200000,20260531,scan,oasis_projected,28,2.276982242348442,93.71327501549189,1.0,1.0,1.0,1.0,1.0,7,1.0,0.0
left_shift_rows200000_seed20260531,left_shift,200000,20260531,scan,oasis_soft_projection,28,2.299311880808642,93.65162310912567,1.0,1.0,1.0,1.0,1.0,7,1.0,0.0
left_shift_rows200000_seed20260531,left_shift,200000,20260531,scan,hybrid,28,2.2244935641745007,93.85819572604586,1.0,1.0,1.0,1.0,1.0,7,1.0,0.0
left_shift_rows200000_seed20260531,left_shift,200000,20260531,scan,aggressive_hybrid,28,2.2459435336146814,93.7989725769635,1.0,1.0,1.0,1.0,1.0,7,1.0,0.0
left_shift_rows200000_seed20260531,left_shift,200000,20260531,scan,calibrated_hybrid,28,2.2603210737362103,93.75927633383225,1.0,1.0,1.0,1.0,1.0,7,1.0,0.0
left_shift_rows200000_seed20260531,left_shift,200000,20260531,scan,fresh,28,1.5616405137697702,95.688326306572,1.0,1.0,1.0,1.0,1.0,7,1.0,0.0
left_shift_rows200000_seed20260531,left_shift,200000,20260531,join,stale,28,36.218893747689435,0.0,0.0,0.21428571428571427,0.4642857142857143,0.21428571428571427,0.4642857142857143,22,0.0,0.0
left_shift_rows200000_seed20260531,left_shift,200000,20260531,join,isomer,28,2.344181259050229,93.52773920876648,1.0,0.9285714285714286,0.9285714285714286,0.9285714285714286,0.9285714285714286,22,0.9090909090909091,0.0
left_shift_rows200000_seed20260531,left_shift,200000,20260531,join,oasis,28,2.73512535209346,92.44834651453718,0.9642857142857143,0.8571428571428571,0.8928571428571429,0.8571428571428571,0.8928571428571429,22,0.8636363636363636,0.16666666666666666
left_shift_rows200000_seed20260531,left_shift,200000,20260531,join,oasis_projected,28,2.276982242348442,93.71327501549189,1.0,0.9285714285714286,0.9285714285714286,0.9285714285714286,0.9285714285714286,22,0.9090909090909091,0.0
left_shift_rows200000_seed20260531,left_shift,200000,20260531,join,oasis_soft_projection,28,2.299311880808642,93.65162310912567,1.0,0.9285714285714286,0.9285714285714286,0.9285714285714286,0.9285714285714286,22,0.9090909090909091,0.0
left_shift_rows200000_seed20260531,left_shift,200000,20260531,join,hybrid,28,2.2244935641745007,93.85819572604586,1.0,0.9285714285714286,0.9285714285714286,0.9285714285714286,0.9285714285714286,22,0.9090909090909091,0.0
left_shift_rows200000_seed20260531,left_shift,200000,20260531,join,aggressive_hybrid,28,2.2459435336146814,93.7989725769635,1.0,0.9285714285714286,0.9285714285714286,0.9285714285714286,0.9285714285714286,22,0.9090909090909091,0.0
left_shift_rows200000_seed20260531,left_shift,200000,20260531,join,calibrated_hybrid,28,2.2603210737362103,93.75927633383225,1.0,0.9285714285714286,0.9285714285714286,0.9285714285714286,0.9285714285714286,22,0.9090909090909091,0.0
left_shift_rows200000_seed20260531,left_shift,200000,20260531,join,fresh,28,1.5616405137697702,95.688326306572,1.0,1.0,1.0,1.0,1.0,22,1.0,0.0
left_shift_rows200000_seed20260531,left_shift,200000,20260531,join_dim_filter,stale,28,36.324396610893515,0.0,0.0,0.5714285714285714,0.5714285714285714,0.5714285714285714,0.5714285714285714,12,0.0,0.0
left_shift_rows200000_seed20260531,left_shift,200000,20260531,join_dim_filter,isomer,28,2.323476957230542,93.60353598679258,1.0,1.0,1.0,1.0,1.0,12,1.0,0.0
left_shift_rows200000_seed20260531,left_shift,200000,20260531,join_dim_filter,oasis,28,2.7138799431803466,92.52876800060467,0.9642857142857143,0.9642857142857143,0.9642857142857143,0.9642857142857143,0.9642857142857143,12,1.0,0.0625
left_shift_rows200000_seed20260531,left_shift,200000,20260531,join_dim_filter,oasis_projected,28,2.2522090152412906,93.7997345437918,1.0,1.0,1.0,1.0,1.0,12,1.0,0.0
left_shift_rows200000_seed20260531,left_shift,200000,20260531,join_dim_filter,oasis_soft_projection,28,2.2745597218414244,93.73820370312966,1.0,1.0,1.0,1.0,1.0,12,1.0,0.0
left_shift_rows200000_seed20260531,left_shift,200000,20260531,join_dim_filter,hybrid,28,2.200054794366396,93.94331358636634,1.0,1.0,1.0,1.0,1.0,12,1.0,0.0
left_shift_rows200000_seed20260531,left_shift,200000,20260531,join_dim_filter,aggressive_hybrid,28,2.222219373903273,93.88229514805805,1.0,1.0,1.0,1.0,1.0,12,1.0,0.0
left_shift_rows200000_seed20260531,left_shift,200000,20260531,join_dim_filter,calibrated_hybrid,28,2.2357560793262974,93.8450289944918,1.0,1.0,1.0,1.0,1.0,12,1.0,0.0
left_shift_rows200000_seed20260531,left_shift,200000,20260531,join_dim_filter,fresh,28,1.5650456380562185,95.69147519552502,1.0,1.0,1.0,1.0,1.0,12,1.0,0.0
right_shift_rows100000_seed20260529,right_shift,100000,20260529,all,stale,84,21.330977299637865,0.0,0.0,0.6309523809523809,0.7142857142857143,0.6309523809523809,0.8095238095238095,31,0.0,0.0
right_shift_rows100000_seed20260529,right_shift,100000,20260529,all,isomer,84,2.677753106152286,87.44664593404377,0.9642857142857143,0.9642857142857143,0.9642857142857143,0.9642857142857143,0.9642857142857143,31,0.9354838709677419,0.018867924528301886
right_shift_rows100000_seed20260529,right_shift,100000,20260529,all,oasis,84,5.009297662288746,76.5163236924274,0.9642857142857143,0.8571428571428571,0.8809523809523809,0.8571428571428571,0.9166666666666666,31,0.6451612903225806,0.018867924528301886
right_shift_rows100000_seed20260529,right_shift,100000,20260529,all,oasis_projected,84,2.701475995287374,87.33543260892581,0.9642857142857143,0.9404761904761905,0.9523809523809523,0.9404761904761905,0.9642857142857143,31,0.8709677419354839,0.018867924528301886
right_shift_rows100000_seed20260529,right_shift,100000,20260529,all,oasis_soft_projection,84,2.7021635377092865,87.33220939785464,0.9642857142857143,0.9404761904761905,0.9523809523809523,0.9404761904761905,0.9642857142857143,31,0.8709677419354839,0.018867924528301886
right_shift_rows100000_seed20260529,right_shift,100000,20260529,all,hybrid,84,2.694985023714843,87.36586239881004,0.9642857142857143,0.9642857142857143,0.9642857142857143,0.9642857142857143,0.9642857142857143,31,0.9354838709677419,0.018867924528301886
right_shift_rows100000_seed20260529,right_shift,100000,20260529,all,aggressive_hybrid,84,2.679034211425471,87.44064008979583,0.9642857142857143,0.9404761904761905,0.9523809523809523,0.9404761904761905,0.9642857142857143,31,0.8709677419354839,0.018867924528301886
right_shift_rows100000_seed20260529,right_shift,100000,20260529,all,calibrated_hybrid,84,2.7106302863550287,87.2925171300002,0.9642857142857143,0.9404761904761905,0.9523809523809523,0.9404761904761905,0.9642857142857143,31,0.8709677419354839,0.018867924528301886
right_shift_rows100000_seed20260529,right_shift,100000,20260529,all,fresh,84,1.537032163329547,92.79436595080132,1.0,1.0,1.0,1.0,1.0,31,1.0,0.0
right_shift_rows100000_seed20260529,right_shift,100000,20260529,scan,stale,28,22.1741624779849,0.0,0.0,0.7142857142857143,0.7142857142857143,0.7142857142857143,1.0,8,0.0,0.0
right_shift_rows100000_seed20260529,right_shift,100000,20260529,scan,isomer,28,2.6974840379845464,87.83501275115722,0.9642857142857143,1.0,1.0,1.0,1.0,8,1.0,0.0
right_shift_rows100000_seed20260529,right_shift,100000,20260529,scan,oasis,28,5.17189866384463,76.67601349552918,0.9642857142857143,0.8928571428571429,0.8928571428571429,0.8928571428571429,1.0,8,0.625,0.0
right_shift_rows100000_seed20260529,right_shift,100000,20260529,scan,oasis_projected,28,2.717912176020178,87.74288689045824,0.9642857142857143,0.9642857142857143,0.9642857142857143,0.9642857142857143,1.0,8,0.875,0.0
right_shift_rows100000_seed20260529,right_shift,100000,20260529,scan,oasis_soft_projection,28,2.719179161329298,87.73717309941708,0.9642857142857143,0.9642857142857143,0.9642857142857143,0.9642857142857143,1.0,8,0.875,0.0
right_shift_rows100000_seed20260529,right_shift,100000,20260529,scan,hybrid,28,2.711045692406785,87.7738530368469,0.9642857142857143,1.0,1.0,1.0,1.0,8,1.0,0.0
right_shift_rows100000_seed20260529,right_shift,100000,20260529,scan,aggressive_hybrid,28,2.695229703821157,87.84517924184486,0.9642857142857143,0.9642857142857143,0.9642857142857143,0.9642857142857143,1.0,8,0.875,0.0
right_shift_rows100000_seed20260529,right_shift,100000,20260529,scan,calibrated_hybrid,28,2.727102173735027,87.70144226893545,0.9642857142857143,0.9642857142857143,0.9642857142857143,0.9642857142857143,1.0,8,0.875,0.0
right_shift_rows100000_seed20260529,right_shift,100000,20260529,scan,fresh,28,1.547237839340897,93.02233921629718,1.0,1.0,1.0,1.0,1.0,8,1.0,0.0
right_shift_rows100000_seed20260529,right_shift,100000,20260529,join,stale,28,22.1741624779849,0.0,0.0,0.5,0.75,0.5,0.75,14,0.0,0.0
right_shift_rows100000_seed20260529,right_shift,100000,20260529,join,isomer,28,2.6974840379845464,87.83501275115722,0.9642857142857143,0.8928571428571429,0.8928571428571429,0.8928571428571429,0.8928571428571429,14,0.8571428571428571,0.07142857142857142
right_shift_rows100000_seed20260529,right_shift,100000,20260529,join,oasis,28,5.17189866384463,76.67601349552918,0.9642857142857143,0.7857142857142857,0.8571428571428571,0.7857142857142857,0.8571428571428571,14,0.6428571428571429,0.07142857142857142
right_shift_rows100000_seed20260529,right_shift,100000,20260529,join,oasis_projected,28,2.717912176020178,87.74288689045824,0.9642857142857143,0.8571428571428571,0.8928571428571429,0.8571428571428571,0.8928571428571429,14,0.7857142857142857,0.07142857142857142
right_shift_rows100000_seed20260529,right_shift,100000,20260529,join,oasis_soft_projection,28,2.719179161329298,87.73717309941708,0.9642857142857143,0.8571428571428571,0.8928571428571429,0.8571428571428571,0.8928571428571429,14,0.7857142857142857,0.07142857142857142
right_shift_rows100000_seed20260529,right_shift,100000,20260529,join,hybrid,28,2.711045692406785,87.7738530368469,0.9642857142857143,0.8928571428571429,0.8928571428571429,0.8928571428571429,0.8928571428571429,14,0.8571428571428571,0.07142857142857142
right_shift_rows100000_seed20260529,right_shift,100000,20260529,join,aggressive_hybrid,28,2.695229703821157,87.84517924184486,0.9642857142857143,0.8571428571428571,0.8928571428571429,0.8571428571428571,0.8928571428571429,14,0.7857142857142857,0.07142857142857142
right_shift_rows100000_seed20260529,right_shift,100000,20260529,join,calibrated_hybrid,28,2.727102173735027,87.70144226893545,0.9642857142857143,0.8571428571428571,0.8928571428571429,0.8571428571428571,0.8928571428571429,14,0.7857142857142857,0.07142857142857142
right_shift_rows100000_seed20260529,right_shift,100000,20260529,join,fresh,28,1.547237839340897,93.02233921629718,1.0,1.0,1.0,1.0,1.0,14,1.0,0.0
right_shift_rows100000_seed20260529,right_shift,100000,20260529,join_dim_filter,stale,28,19.739575536689212,0.0,0.0,0.6785714285714286,0.6785714285714286,0.6785714285714286,0.6785714285714286,9,0.0,0.0
right_shift_rows100000_seed20260529,right_shift,100000,20260529,join_dim_filter,isomer,28,2.638723156584096,86.63232068146755,0.9642857142857143,1.0,1.0,1.0,1.0,9,1.0,0.0
right_shift_rows100000_seed20260529,right_shift,100000,20260529,join_dim_filter,oasis,28,4.699271136351075,76.19365660818433,0.9642857142857143,0.8928571428571429,0.8928571428571429,0.8928571428571429,0.8928571428571429,9,0.6666666666666666,0.0
right_shift_rows100000_seed20260529,right_shift,100000,20260529,join_dim_filter,oasis_projected,28,2.6689012190186663,86.47943967154673,0.9642857142857143,1.0,1.0,1.0,1.0,9,1.0,0.0
right_shift_rows100000_seed20260529,right_shift,100000,20260529,join_dim_filter,oasis_soft_projection,28,2.6684510567250874,86.48172017799808,0.9642857142857143,1.0,1.0,1.0,1.0,9,1.0,0.0
right_shift_rows100000_seed20260529,right_shift,100000,20260529,join_dim_filter,hybrid,28,2.6631485605884126,86.5085824381658,0.9642857142857143,1.0,1.0,1.0,1.0,9,1.0,0.0
right_shift_rows100000_seed20260529,right_shift,100000,20260529,join_dim_filter,aggressive_hybrid,28,2.646934595421742,86.59072181921043,0.9642857142857143,1.0,1.0,1.0,1.0,9,1.0,0.0
right_shift_rows100000_seed20260529,right_shift,100000,20260529,join_dim_filter,calibrated_hybrid,28,2.6779843847070555,86.43342467152048,0.9642857142857143,1.0,1.0,1.0,1.0,9,1.0,0.0
right_shift_rows100000_seed20260529,right_shift,100000,20260529,join_dim_filter,fresh,28,1.5168223190792143,92.31583112686515,1.0,1.0,1.0,1.0,1.0,9,1.0,0.0
right_shift_rows100000_seed20260530,right_shift,100000,20260530,all,stale,84,22.335133358177657,0.0,0.0,0.6071428571428571,0.6904761904761905,0.6071428571428571,0.7976190476190477,33,0.0,0.0
right_shift_rows100000_seed20260530,right_shift,100000,20260530,all,isomer,84,2.7047509910426983,87.8901506981493,0.9642857142857143,0.9404761904761905,0.9404761904761905,0.9404761904761905,0.9523809523809523,33,0.8787878787878788,0.0196078431372549
right_shift_rows100000_seed20260530,right_shift,100000,20260530,all,oasis,84,5.099753924725426,77.167121221337,1.0,0.8452380952380952,0.8690476190476191,0.8452380952380952,0.9166666666666666,33,0.6060606060606061,0.0
right_shift_rows100000_seed20260530,right_shift,100000,20260530,all,oasis_projected,84,2.7607318174737414,87.63951048242592,0.9642857142857143,0.9166666666666666,0.9285714285714286,0.9166666666666666,0.9523809523809523,33,0.8181818181818182,0.0196078431372549
right_shift_rows100000_seed20260530,right_shift,100000,20260530,all,oasis_soft_projection,84,2.7980930480679844,87.47223487231382,0.9642857142857143,0.9166666666666666,0.9285714285714286,0.9166666666666666,0.9523809523809523,33,0.8181818181818182,0.0196078431372549
right_shift_rows100000_seed20260530,right_shift,100000,20260530,all,hybrid,84,2.748614081014447,87.69376463110265,0.9642857142857143,0.9166666666666666,0.9285714285714286,0.9166666666666666,0.9523809523809523,33,0.8181818181818182,0.0196078431372549
right_shift_rows100000_seed20260530,right_shift,100000,20260530,all,aggressive_hybrid,84,2.7470074437711927,87.7009579494388,0.9642857142857143,0.9166666666666666,0.9285714285714286,0.9166666666666666,0.9523809523809523,33,0.8181818181818182,0.0196078431372549
right_shift_rows100000_seed20260530,right_shift,100000,20260530,all,calibrated_hybrid,84,2.7504822553909807,87.6854003453535,0.9642857142857143,0.9166666666666666,0.9285714285714286,0.9166666666666666,0.9523809523809523,33,0.8181818181818182,0.0196078431372549
right_shift_rows100000_seed20260530,right_shift,100000,20260530,all,fresh,84,1.3636106882939396,93.89477257007434,1.0,1.0,1.0,1.0,1.0,33,1.0,0.0
right_shift_rows100000_seed20260530,right_shift,100000,20260530,scan,stale,28,23.23343904086938,0.0,0.0,0.6785714285714286,0.6785714285714286,0.6785714285714286,1.0,9,0.0,0.0
right_shift_rows100000_seed20260530,right_shift,100000,20260530,scan,isomer,28,2.756208815141732,88.13688834316197,0.9642857142857143,0.9642857142857143,0.9642857142857143,0.9642857142857143,1.0,9,0.8888888888888888,0.0
right_shift_rows100000_seed20260530,right_shift,100000,20260530,scan,oasis,28,5.320618773395527,77.09930603026028,1.0,0.8571428571428571,0.8571428571428571,0.8571428571428571,1.0,9,0.5555555555555556,0.0
right_shift_rows100000_seed20260530,right_shift,100000,20260530,scan,oasis_projected,28,2.816376448509686,87.87791835915696,0.9642857142857143,0.9285714285714286,0.9285714285714286,0.9285714285714286,1.0,9,0.7777777777777778,0.0
right_shift_rows100000_seed20260530,right_shift,100000,20260530,scan,oasis_soft_projection,28,2.85722625481168,87.7020950286972,0.9642857142857143,0.9285714285714286,0.9285714285714286,0.9285714285714286,1.0,9,0.7777777777777778,0.0
right_shift_rows100000_seed20260530,right_shift,100000,20260530,scan,hybrid,28,2.805841248515493,87.92326334650757,0.9642857142857143,0.9285714285714286,0.9285714285714286,0.9285714285714286,1.0,9,0.7777777777777778,0.0
right_shift_rows100000_seed20260530,right_shift,100000,20260530,scan,aggressive_hybrid,28,2.802181516794465,87.93901534824346,0.9642857142857143,0.9285714285714286,0.9285714285714286,0.9285714285714286,1.0,9,0.7777777777777778,0.0
right_shift_rows100000_seed20260530,right_shift,100000,20260530,scan,calibrated_hybrid,28,2.808624275023808,87.91128480771519,0.9642857142857143,0.9285714285714286,0.9285714285714286,0.9285714285714286,1.0,9,0.7777777777777778,0.0
right_shift_rows100000_seed20260530,right_shift,100000,20260530,scan,fresh,28,1.3567358064288617,94.16041764612521,1.0,1.0,1.0,1.0,1.0,9,1.0,0.0
right_shift_rows100000_seed20260530,right_shift,100000,20260530,join,stale,28,23.23343904086938,0.0,0.0,0.5,0.75,0.5,0.75,14,0.0,0.0
right_shift_rows100000_seed20260530,right_shift,100000,20260530,join,isomer,28,2.756208815141732,88.13688834316197,0.9642857142857143,0.8928571428571429,0.8928571428571429,0.8928571428571429,0.8928571428571429,14,0.8571428571428571,0.07142857142857142
right_shift_rows100000_seed20260530,right_shift,100000,20260530,join,oasis,28,5.320618773395527,77.09930603026028,1.0,0.8214285714285714,0.8928571428571429,0.8214285714285714,0.8928571428571429,14,0.6428571428571429,0.0
right_shift_rows100000_seed20260530,right_shift,100000,20260530,join,oasis_projected,28,2.816376448509686,87.87791835915696,0.9642857142857143,0.8571428571428571,0.8928571428571429,0.8571428571428571,0.8928571428571429,14,0.7857142857142857,0.07142857142857142
right_shift_rows100000_seed20260530,right_shift,100000,20260530,join,oasis_soft_projection,28,2.85722625481168,87.7020950286972,0.9642857142857143,0.8571428571428571,0.8928571428571429,0.8571428571428571,0.8928571428571429,14,0.7857142857142857,0.07142857142857142
right_shift_rows100000_seed20260530,right_shift,100000,20260530,join,hybrid,28,2.805841248515493,87.92326334650757,0.9642857142857143,0.8571428571428571,0.8928571428571429,0.8571428571428571,0.8928571428571429,14,0.7857142857142857,0.07142857142857142
right_shift_rows100000_seed20260530,right_shift,100000,20260530,join,aggressive_hybrid,28,2.802181516794465,87.93901534824346,0.9642857142857143,0.8571428571428571,0.8928571428571429,0.8571428571428571,0.8928571428571429,14,0.7857142857142857,0.07142857142857142
right_shift_rows100000_seed20260530,right_shift,100000,20260530,join,calibrated_hybrid,28,2.808624275023808,87.91128480771519,0.9642857142857143,0.8571428571428571,0.8928571428571429,0.8571428571428571,0.8928571428571429,14,0.7857142857142857,0.07142857142857142
right_shift_rows100000_seed20260530,right_shift,100000,20260530,join,fresh,28,1.3567358064288617,94.16041764612521,1.0,1.0,1.0,1.0,1.0,14,1.0,0.0
right_shift_rows100000_seed20260530,right_shift,100000,20260530,join_dim_filter,stale,28,20.641376287507796,0.0,0.0,0.6428571428571429,0.6428571428571429,0.6428571428571429,0.6428571428571429,10,0.0,0.0
right_shift_rows100000_seed20260530,right_shift,100000,20260530,join_dim_filter,isomer,28,2.6046995260932744,87.38117318432084,0.9642857142857143,0.9642857142857143,0.9642857142857143,0.9642857142857143,0.9642857142857143,10,0.9,0.0
right_shift_rows100000_seed20260530,right_shift,100000,20260530,join_dim_filter,oasis,28,4.685148681253535,77.30214974042696,1.0,0.8571428571428571,0.8571428571428571,0.8571428571428571,0.8571428571428571,10,0.6,0.0
right_shift_rows100000_seed20260530,right_shift,100000,20260530,join_dim_filter,oasis_projected,28,2.6527190347138245,87.14853603865912,0.9642857142857143,0.9642857142857143,0.9642857142857143,0.9642857142857143,0.9642857142857143,10,0.9,0.0
right_shift_rows100000_seed20260530,right_shift,100000,20260530,join_dim_filter,oasis_soft_projection,28,2.68347277211934,86.99954530772551,0.9642857142857143,0.9642857142857143,0.9642857142857143,0.9642857142857143,0.9642857142857143,10,0.9,0.0
right_shift_rows100000_seed20260530,right_shift,100000,20260530,join_dim_filter,hybrid,28,2.6376375091080013,87.22160057367732,0.9642857142857143,0.9642857142857143,0.9642857142857143,0.9642857142857143,0.9642857142857143,10,0.9,0.0
right_shift_rows100000_seed20260530,right_shift,100000,20260530,join_dim_filter,aggressive_hybrid,28,2.6398969880859875,87.21065421551538,0.9642857142857143,0.9642857142857143,0.9642857142857143,0.9642857142857143,0.9642857142857143,10,0.9,0.0
right_shift_rows100000_seed20260530,right_shift,100000,20260530,join_dim_filter,calibrated_hybrid,28,2.6377841364587273,87.22089021721328,0.9642857142857143,0.9642857142857143,0.9642857142857143,0.9642857142857143,0.9642857142857143,10,0.9,0.0
right_shift_rows100000_seed20260530,right_shift,100000,20260530,join_dim_filter,fresh,28,1.3774651382117078,93.32667977645778,1.0,1.0,1.0,1.0,1.0,10,1.0,0.0
right_shift_rows100000_seed20260531,right_shift,100000,20260531,all,stale,84,22.820372242496646,0.0,0.0,0.6071428571428571,0.6904761904761905,0.6071428571428571,0.7976190476190477,33,0.0,0.0
right_shift_rows100000_seed20260531,right_shift,100000,20260531,all,isomer,84,2.6755014742322576,88.2758201934591,1.0,0.9404761904761905,0.9404761904761905,0.9404761904761905,0.9523809523809523,33,0.8787878787878788,0.0196078431372549
right_shift_rows100000_seed20260531,right_shift,100000,20260531,all,oasis,84,5.044923107043901,77.89289739258012,1.0,0.8333333333333334,0.8571428571428571,0.8333333333333334,0.9047619047619048,33,0.6060606060606061,0.0196078431372549
right_shift_rows100000_seed20260531,right_shift,100000,20260531,all,oasis_projected,84,2.6888560541663518,88.21729976358975,1.0,0.9166666666666666,0.9285714285714286,0.9166666666666666,0.9523809523809523,33,0.8181818181818182,0.0196078431372549
right_shift_rows100000_seed20260531,right_shift,100000,20260531,all,oasis_soft_projection,84,2.7212184983793204,88.07548593220665,1.0,0.9166666666666666,0.9285714285714286,0.9166666666666666,0.9523809523809523,33,0.8181818181818182,0.0196078431372549
right_shift_rows100000_seed20260531,right_shift,100000,20260531,all,hybrid,84,2.65380775510513,88.37088314377648,1.0,0.9166666666666666,0.9285714285714286,0.9166666666666666,0.9523809523809523,33,0.8181818181818182,0.0196078431372549
right_shift_rows100000_seed20260531,right_shift,100000,20260531,all,aggressive_hybrid,84,2.67606630715435,88.27334506765445,1.0,0.9166666666666666,0.9285714285714286,0.9166666666666666,0.9523809523809523,33,0.8181818181818182,0.0196078431372549
right_shift_rows100000_seed20260531,right_shift,100000,20260531,all,calibrated_hybrid,84,2.691207097712219,88.20699737447495,1.0,0.9166666666666666,0.9285714285714286,0.9166666666666666,0.9523809523809523,33,0.8181818181818182,0.0196078431372549
right_shift_rows100000_seed20260531,right_shift,100000,20260531,all,fresh,84,1.362119894424264,94.03112324395966,1.0,1.0,1.0,1.0,1.0,33,1.0,0.0
right_shift_rows100000_seed20260531,right_shift,100000,20260531,scan,stale,28,23.63114038976648,0.0,0.0,0.6785714285714286,0.6785714285714286,0.6785714285714286,1.0,9,0.0,0.0
right_shift_rows100000_seed20260531,right_shift,100000,20260531,scan,isomer,28,2.72103716721222,88.48537513496144,1.0,0.9642857142857143,0.9642857142857143,0.9642857142857143,1.0,9,0.8888888888888888,0.0
right_shift_rows100000_seed20260531,right_shift,100000,20260531,scan,oasis,28,5.251709873731143,77.77631638968465,1.0,0.8571428571428571,0.8571428571428571,0.8571428571428571,1.0,9,0.5555555555555556,0.0
right_shift_rows100000_seed20260531,right_shift,100000,20260531,scan,oasis_projected,28,2.7358408179710687,88.42273046138801,1.0,0.9285714285714286,0.9285714285714286,0.9285714285714286,1.0,9,0.7777777777777778,0.0
right_shift_rows100000_seed20260531,right_shift,100000,20260531,scan,oasis_soft_projection,28,2.76845227897128,88.28472839943787,1.0,0.9285714285714286,0.9285714285714286,0.9285714285714286,1.0,9,0.7777777777777778,0.0
right_shift_rows100000_seed20260531,right_shift,100000,20260531,scan,hybrid,28,2.6996572563595227,88.57584859709684,1.0,0.9285714285714286,0.9285714285714286,0.9285714285714286,1.0,9,0.7777777777777778,0.0
right_shift_rows100000_seed20260531,right_shift,100000,20260531,scan,aggressive_hybrid,28,2.7220510989063373,88.48108447578295,1.0,0.9285714285714286,0.9285714285714286,0.9285714285714286,1.0,9,0.7777777777777778,0.0
right_shift_rows100000_seed20260531,right_shift,100000,20260531,scan,calibrated_hybrid,28,2.737666228714475,88.41500586277238,1.0,0.9285714285714286,0.9285714285714286,0.9285714285714286,1.0,9,0.7777777777777778,0.0
right_shift_rows100000_seed20260531,right_shift,100000,20260531,scan,fresh,28,1.3517206925999667,94.27991764127756,1.0,1.0,1.0,1.0,1.0,9,1.0,0.0
right_shift_rows100000_seed20260531,right_shift,100000,20260531,join,stale,28,23.63114038976648,0.0,0.0,0.5,0.75,0.5,0.75,14,0.0,0.0
right_shift_rows100000_seed20260531,right_shift,100000,20260531,join,isomer,28,2.72103716721222,88.48537513496144,1.0,0.8928571428571429,0.8928571428571429,0.8928571428571429,0.8928571428571429,14,0.8571428571428571,0.07142857142857142
right_shift_rows100000_seed20260531,right_shift,100000,20260531,join,oasis,28,5.251709873731143,77.77631638968465,1.0,0.7857142857142857,0.8571428571428571,0.7857142857142857,0.8571428571428571,14,0.6428571428571429,0.07142857142857142
right_shift_rows100000_seed20260531,right_shift,100000,20260531,join,oasis_projected,28,2.7358408179710687,88.42273046138801,1.0,0.8571428571428571,0.8928571428571429,0.8571428571428571,0.8928571428571429,14,0.7857142857142857,0.07142857142857142
right_shift_rows100000_seed20260531,right_shift,100000,20260531,join,oasis_soft_projection,28,2.76845227897128,88.28472839943787,1.0,0.8571428571428571,0.8928571428571429,0.8571428571428571,0.8928571428571429,14,0.7857142857142857,0.07142857142857142
right_shift_rows100000_seed20260531,right_shift,100000,20260531,join,hybrid,28,2.6996572563595227,88.57584859709684,1.0,0.8571428571428571,0.8928571428571429,0.8571428571428571,0.8928571428571429,14,0.7857142857142857,0.07142857142857142
right_shift_rows100000_seed20260531,right_shift,100000,20260531,join,aggressive_hybrid,28,2.7220510989063373,88.48108447578295,1.0,0.8571428571428571,0.8928571428571429,0.8571428571428571,0.8928571428571429,14,0.7857142857142857,0.07142857142857142
right_shift_rows100000_seed20260531,right_shift,100000,20260531,join,calibrated_hybrid,28,2.737666228714475,88.41500586277238,1.0,0.8571428571428571,0.8928571428571429,0.8571428571428571,0.8928571428571429,14,0.7857142857142857,0.07142857142857142
right_shift_rows100000_seed20260531,right_shift,100000,20260531,join,fresh,28,1.3517206925999667,94.27991764127756,1.0,1.0,1.0,1.0,1.0,14,1.0,0.0
right_shift_rows100000_seed20260531,right_shift,100000,20260531,join_dim_filter,stale,28,21.28133225918079,0.0,0.0,0.6428571428571429,0.6428571428571429,0.6428571428571429,0.6428571428571429,10,0.0,0.0
right_shift_rows100000_seed20260531,right_shift,100000,20260531,join_dim_filter,isomer,28,2.5867034121089416,87.84519981829129,1.0,0.9642857142857143,0.9642857142857143,0.9642857142857143,0.9642857142857143,10,0.9,0.0
right_shift_rows100000_seed20260531,right_shift,100000,20260531,join_dim_filter,oasis,28,4.6554557396339185,78.12422792456731,1.0,0.8571428571428571,0.8571428571428571,0.8571428571428571,0.8571428571428571,10,0.6,0.0
right_shift_rows100000_seed20260531,right_shift,100000,20260531,join_dim_filter,oasis_projected,28,2.5972933887287897,87.79543800596265,1.0,0.9642857142857143,0.9642857142857143,0.9642857142857143,0.9642857142857143,10,0.9,0.0
right_shift_rows100000_seed20260531,right_shift,100000,20260531,join_dim_filter,oasis_soft_projection,28,2.6291548166316043,87.64572262388609,1.0,0.9642857142857143,0.9642857142857143,0.9642857142857143,0.9642857142857143,10,0.9,0.0
right_shift_rows100000_seed20260531,right_shift,100000,20260531,join_dim_filter,hybrid,28,2.5644315763775647,87.94985414848139,1.0,0.9642857142857143,0.9642857142857143,0.9642857142857143,0.9642857142857143,10,0.9,0.0
right_shift_rows100000_seed20260531,right_shift,100000,20260531,join_dim_filter,aggressive_hybrid,28,2.5864141233293885,87.84655917294086,1.0,0.9642857142857143,0.9642857142857143,0.9642857142857143,0.9642857142857143,10,0.9,0.0
right_shift_rows100000_seed20260531,right_shift,100000,20260531,join_dim_filter,calibrated_hybrid,28,2.6006407377930225,87.77970896689938,1.0,0.9642857142857143,0.9642857142857143,0.9642857142857143,0.9642857142857143,10,0.9,0.0
right_shift_rows100000_seed20260531,right_shift,100000,20260531,join_dim_filter,fresh,28,1.3831589263164439,93.500599917941,1.0,1.0,1.0,1.0,1.0,10,1.0,0.0
right_shift_rows200000_seed20260529,right_shift,200000,20260529,all,stale,84,23.300767923621088,0.0,0.0,0.6071428571428571,0.6904761904761905,0.6071428571428571,0.7976190476190477,33,0.0,0.0
right_shift_rows200000_seed20260529,right_shift,200000,20260529,all,isomer,84,2.750807038264247,88.19435030089447,0.9761904761904762,0.9404761904761905,0.9404761904761905,0.9404761904761905,0.9523809523809523,33,0.8787878787878788,0.0196078431372549
right_shift_rows200000_seed20260529,right_shift,200000,20260529,all,oasis,84,5.31311427746785,77.19768595230848,1.0,0.8333333333333334,0.8571428571428571,0.8333333333333334,0.9047619047619048,33,0.6060606060606061,0.0196078431372549
right_shift_rows200000_seed20260529,right_shift,200000,20260529,all,oasis_projected,84,2.7644719845919714,88.13570439543543,0.9761904761904762,0.9166666666666666,0.9285714285714286,0.9166666666666666,0.9523809523809523,33,0.8181818181818182,0.0196078431372549
right_shift_rows200000_seed20260529,right_shift,200000,20260529,all,oasis_soft_projection,84,2.813365420040158,87.92586824064233,0.9761904761904762,0.9166666666666666,0.9285714285714286,0.9166666666666666,0.9523809523809523,33,0.8181818181818182,0.0196078431372549
right_shift_rows200000_seed20260529,right_shift,200000,20260529,all,hybrid,84,2.8050252364169412,87.96166184045224,0.9642857142857143,0.9166666666666666,0.9285714285714286,0.9166666666666666,0.9523809523809523,33,0.8181818181818182,0.0196078431372549
right_shift_rows200000_seed20260529,right_shift,200000,20260529,all,aggressive_hybrid,84,2.7909519512769623,88.02206021524448,0.9761904761904762,0.9166666666666666,0.9285714285714286,0.9166666666666666,0.9523809523809523,33,0.8181818181818182,0.0196078431372549
right_shift_rows200000_seed20260529,right_shift,200000,20260529,all,calibrated_hybrid,84,2.8020371745915797,87.97448571748134,0.9761904761904762,0.9404761904761905,0.9404761904761905,0.9404761904761905,0.9523809523809523,33,0.8787878787878788,0.0196078431372549
right_shift_rows200000_seed20260529,right_shift,200000,20260529,all,fresh,84,1.3429246793946352,94.23656471839604,1.0,1.0,1.0,1.0,1.0,33,1.0,0.0
right_shift_rows200000_seed20260529,right_shift,200000,20260529,scan,stale,28,24.213041237068573,0.0,0.0,0.6785714285714286,0.6785714285714286,0.6785714285714286,1.0,9,0.0,0.0
right_shift_rows200000_seed20260529,right_shift,200000,20260529,scan,isomer,28,2.808348708961213,88.40150362994544,0.9642857142857143,0.9642857142857143,0.9642857142857143,0.9642857142857143,1.0,9,0.8888888888888888,0.0
right_shift_rows200000_seed20260529,right_shift,200000,20260529,scan,oasis,28,5.543038414842772,77.10721936756649,1.0,0.8571428571428571,0.8571428571428571,0.8571428571428571,1.0,9,0.5555555555555556,0.0
right_shift_rows200000_seed20260529,right_shift,200000,20260529,scan,oasis_projected,28,2.8214096229727565,88.34756197972618,0.9642857142857143,0.9285714285714286,0.9285714285714286,0.9285714285714286,1.0,9,0.7777777777777778,0.0
right_shift_rows200000_seed20260529,right_shift,200000,20260529,scan,oasis_soft_projection,28,2.8713751561065304,88.14120403962042,0.9642857142857143,0.9285714285714286,0.9285714285714286,0.9285714285714286,1.0,9,0.7777777777777778,0.0
right_shift_rows200000_seed20260529,right_shift,200000,20260529,scan,hybrid,28,2.862665088326394,88.17717666980288,0.9642857142857143,0.9285714285714286,0.9285714285714286,0.9285714285714286,1.0,9,0.7777777777777778,0.0
right_shift_rows200000_seed20260529,right_shift,200000,20260529,scan,aggressive_hybrid,28,2.8484793594924502,88.23576381172796,0.9642857142857143,0.9285714285714286,0.9285714285714286,0.9285714285714286,1.0,9,0.7777777777777778,0.0
right_shift_rows200000_seed20260529,right_shift,200000,20260529,scan,calibrated_hybrid,28,2.8604114136320566,88.18648435929248,0.9642857142857143,0.9642857142857143,0.9642857142857143,0.9642857142857143,1.0,9,0.8888888888888888,0.0
right_shift_rows200000_seed20260529,right_shift,200000,20260529,scan,fresh,28,1.3373116926352908,94.47689499414079,1.0,1.0,1.0,1.0,1.0,9,1.0,0.0
right_shift_rows200000_seed20260529,right_shift,200000,20260529,join,stale,28,24.213041237068573,0.0,0.0,0.5,0.75,0.5,0.75,14,0.0,0.0
right_shift_rows200000_seed20260529,right_shift,200000,20260529,join,isomer,28,2.808348708961213,88.40150362994544,0.9642857142857143,0.8928571428571429,0.8928571428571429,0.8928571428571429,0.8928571428571429,14,0.8571428571428571,0.07142857142857142
right_shift_rows200000_seed20260529,right_shift,200000,20260529,join,oasis,28,5.543038414842772,77.10721936756649,1.0,0.7857142857142857,0.8571428571428571,0.7857142857142857,0.8571428571428571,14,0.6428571428571429,0.07142857142857142
right_shift_rows200000_seed20260529,right_shift,200000,20260529,join,oasis_projected,28,2.8214096229727565,88.34756197972618,0.9642857142857143,0.8571428571428571,0.8928571428571429,0.8571428571428571,0.8928571428571429,14,0.7857142857142857,0.07142857142857142
right_shift_rows200000_seed20260529,right_shift,200000,20260529,join,oasis_soft_projection,28,2.8713751561065304,88.14120403962042,0.9642857142857143,0.8571428571428571,0.8928571428571429,0.8571428571428571,0.8928571428571429,14,0.7857142857142857,0.07142857142857142
right_shift_rows200000_seed20260529,right_shift,200000,20260529,join,hybrid,28,2.862665088326394,88.17717666980288,0.9642857142857143,0.8571428571428571,0.8928571428571429,0.8571428571428571,0.8928571428571429,14,0.7857142857142857,0.07142857142857142
right_shift_rows200000_seed20260529,right_shift,200000,20260529,join,aggressive_hybrid,28,2.8484793594924502,88.23576381172796,0.9642857142857143,0.8571428571428571,0.8928571428571429,0.8571428571428571,0.8928571428571429,14,0.7857142857142857,0.07142857142857142
right_shift_rows200000_seed20260529,right_shift,200000,20260529,join,calibrated_hybrid,28,2.8604114136320566,88.18648435929248,0.9642857142857143,0.8928571428571429,0.8928571428571429,0.8928571428571429,0.8928571428571429,14,0.8571428571428571,0.07142857142857142
right_shift_rows200000_seed20260529,right_shift,200000,20260529,join,fresh,28,1.3373116926352908,94.47689499414079,1.0,1.0,1.0,1.0,1.0,14,1.0,0.0
right_shift_rows200000_seed20260529,right_shift,200000,20260529,join_dim_filter,stale,28,21.57804127944968,0.0,0.0,0.6428571428571429,0.6428571428571429,0.6428571428571429,0.6428571428571429,10,0.0,0.0
right_shift_rows200000_seed20260529,right_shift,200000,20260529,join_dim_filter,isomer,28,2.63923654052945,87.76887806288987,1.0,0.9642857142857143,0.9642857142857143,0.9642857142857143,0.9642857142857143,10,0.9,0.0
right_shift_rows200000_seed20260529,right_shift,200000,20260529,join_dim_filter,oasis,28,4.881482024486546,77.37754803010999,1.0,0.8571428571428571,0.8571428571428571,0.8571428571428571,0.8571428571428571,10,0.6,0.0
right_shift_rows200000_seed20260529,right_shift,200000,20260529,join_dim_filter,oasis_projected,28,2.654020620703835,87.70036359495033,1.0,0.9642857142857143,0.9642857142857143,0.9642857142857143,0.9642857142857143,10,0.9,0.0
right_shift_rows200000_seed20260529,right_shift,200000,20260529,join_dim_filter,oasis_soft_projection,28,2.7008381434403943,87.48339523285371,1.0,0.9642857142857143,0.9642857142857143,0.9642857142857143,0.9642857142857143,10,0.9,0.0
right_shift_rows200000_seed20260529,right_shift,200000,20260529,join_dim_filter,hybrid,28,2.6932039049908747,87.5187748966084,0.9642857142857143,0.9642857142857143,0.9642857142857143,0.9642857142857143,0.9642857142857143,10,0.9,0.0
right_shift_rows200000_seed20260529,right_shift,200000,20260529,join_dim_filter,aggressive_hybrid,28,2.6793591125208476,87.58293638508981,1.0,0.9642857142857143,0.9642857142857143,0.9642857142857143,0.9642857142857143,10,0.9,0.0
right_shift_rows200000_seed20260529,right_shift,200000,20260529,join_dim_filter,calibrated_hybrid,28,2.688838226211474,87.53900694048515,1.0,0.9642857142857143,0.9642857142857143,0.9642857142857143,0.9642857142857143,10,0.9,0.0
right_shift_rows200000_seed20260529,right_shift,200000,20260529,join_dim_filter,fresh,28,1.3542214285578598,93.72407619848431,1.0,1.0,1.0,1.0,1.0,10,1.0,0.0
right_shift_rows200000_seed20260530,right_shift,200000,20260530,all,stale,84,22.987987239835597,0.0,0.0,0.6071428571428571,0.6904761904761905,0.6071428571428571,0.7976190476190477,33,0.0,0.0
right_shift_rows200000_seed20260530,right_shift,200000,20260530,all,isomer,84,2.7237834316066367,88.15127482371912,0.9642857142857143,0.9404761904761905,0.9404761904761905,0.9404761904761905,0.9523809523809523,33,0.8787878787878788,0.0196078431372549
right_shift_rows200000_seed20260530,right_shift,200000,20260530,all,oasis,84,5.253245312440733,77.14786745949881,1.0,0.8452380952380952,0.8690476190476191,0.8452380952380952,0.9166666666666666,33,0.6060606060606061,0.0
right_shift_rows200000_seed20260530,right_shift,200000,20260530,all,oasis_projected,84,2.7212725727305815,88.1621973061873,0.9642857142857143,0.9166666666666666,0.9285714285714286,0.9166666666666666,0.9523809523809523,33,0.8181818181818182,0.0196078431372549
right_shift_rows200000_seed20260530,right_shift,200000,20260530,all,oasis_soft_projection,84,2.7414072455179026,88.07460950401368,0.9642857142857143,0.9166666666666666,0.9285714285714286,0.9166666666666666,0.9523809523809523,33,0.8181818181818182,0.0196078431372549
right_shift_rows200000_seed20260530,right_shift,200000,20260530,all,hybrid,84,2.7290044429287232,88.12856291219936,0.9642857142857143,0.9166666666666666,0.9285714285714286,0.9166666666666666,0.9523809523809523,33,0.8181818181818182,0.0196078431372549
right_shift_rows200000_seed20260530,right_shift,200000,20260530,all,aggressive_hybrid,84,2.7382725584311918,88.0882457004062,0.9642857142857143,0.9166666666666666,0.9285714285714286,0.9166666666666666,0.9523809523809523,33,0.8181818181818182,0.0196078431372549
right_shift_rows200000_seed20260530,right_shift,200000,20260530,all,calibrated_hybrid,84,2.7195758325270627,88.16957829255124,0.9642857142857143,0.9166666666666666,0.9285714285714286,0.9166666666666666,0.9523809523809523,33,0.8181818181818182,0.0196078431372549
right_shift_rows200000_seed20260530,right_shift,200000,20260530,all,fresh,84,1.3259719058928272,94.23189210930538,1.0,1.0,1.0,1.0,1.0,33,1.0,0.0
right_shift_rows200000_seed20260530,right_shift,200000,20260530,scan,stale,28,24.180996245822257,0.0,0.0,0.6785714285714286,0.6785714285714286,0.6785714285714286,1.0,9,0.0,0.0
right_shift_rows200000_seed20260530,right_shift,200000,20260530,scan,isomer,28,2.795058668173731,88.44109382525282,0.9642857142857143,0.9642857142857143,0.9642857142857143,0.9642857142857143,1.0,9,0.8888888888888888,0.0
right_shift_rows200000_seed20260530,right_shift,200000,20260530,scan,oasis,28,5.5247184672425185,77.15264329443407,1.0,0.8571428571428571,0.8571428571428571,0.8571428571428571,1.0,9,0.5555555555555556,0.0
right_shift_rows200000_seed20260530,right_shift,200000,20260530,scan,oasis_projected,28,2.7964369802101885,88.4353938448945,0.9642857142857143,0.9285714285714286,0.9285714285714286,0.9285714285714286,1.0,9,0.7777777777777778,0.0
right_shift_rows200000_seed20260530,right_shift,200000,20260530,scan,oasis_soft_projection,28,2.8171257413517545,88.3498359095173,0.9642857142857143,0.9285714285714286,0.9285714285714286,0.9285714285714286,1.0,9,0.7777777777777778,0.0
right_shift_rows200000_seed20260530,right_shift,200000,20260530,scan,hybrid,28,2.8044608548961714,88.40221128035328,0.9642857142857143,0.9285714285714286,0.9285714285714286,0.9285714285714286,1.0,9,0.7777777777777778,0.0
right_shift_rows200000_seed20260530,right_shift,200000,20260530,scan,aggressive_hybrid,28,2.814193269446199,88.3619630852372,0.9642857142857143,0.9285714285714286,0.9285714285714286,0.9285714285714286,1.0,9,0.7777777777777778,0.0
right_shift_rows200000_seed20260530,right_shift,200000,20260530,scan,calibrated_hybrid,28,2.7948717975253596,88.44186662487809,0.9642857142857143,0.9285714285714286,0.9285714285714286,0.9285714285714286,1.0,9,0.7777777777777778,0.0
right_shift_rows200000_seed20260530,right_shift,200000,20260530,scan,fresh,28,1.3309945431167767,94.49570013747166,1.0,1.0,1.0,1.0,1.0,9,1.0,0.0
right_shift_rows200000_seed20260530,right_shift,200000,20260530,join,stale,28,24.180996245822257,0.0,0.0,0.5,0.75,0.5,0.75,14,0.0,0.0
right_shift_rows200000_seed20260530,right_shift,200000,20260530,join,isomer,28,2.795058668173731,88.44109382525282,0.9642857142857143,0.8928571428571429,0.8928571428571429,0.8928571428571429,0.8928571428571429,14,0.8571428571428571,0.07142857142857142
right_shift_rows200000_seed20260530,right_shift,200000,20260530,join,oasis,28,5.5247184672425185,77.15264329443407,1.0,0.8214285714285714,0.8928571428571429,0.8214285714285714,0.8928571428571429,14,0.6428571428571429,0.0
right_shift_rows200000_seed20260530,right_shift,200000,20260530,join,oasis_projected,28,2.7964369802101885,88.4353938448945,0.9642857142857143,0.8571428571428571,0.8928571428571429,0.8571428571428571,0.8928571428571429,14,0.7857142857142857,0.07142857142857142
right_shift_rows200000_seed20260530,right_shift,200000,20260530,join,oasis_soft_projection,28,2.8171257413517545,88.3498359095173,0.9642857142857143,0.8571428571428571,0.8928571428571429,0.8571428571428571,0.8928571428571429,14,0.7857142857142857,0.07142857142857142
right_shift_rows200000_seed20260530,right_shift,200000,20260530,join,hybrid,28,2.8044608548961714,88.40221128035328,0.9642857142857143,0.8571428571428571,0.8928571428571429,0.8571428571428571,0.8928571428571429,14,0.7857142857142857,0.07142857142857142
right_shift_rows200000_seed20260530,right_shift,200000,20260530,join,aggressive_hybrid,28,2.814193269446199,88.3619630852372,0.9642857142857143,0.8571428571428571,0.8928571428571429,0.8571428571428571,0.8928571428571429,14,0.7857142857142857,0.07142857142857142
right_shift_rows200000_seed20260530,right_shift,200000,20260530,join,calibrated_hybrid,28,2.7948717975253596,88.44186662487809,0.9642857142857143,0.8571428571428571,0.8928571428571429,0.8571428571428571,0.8928571428571429,14,0.7857142857142857,0.07142857142857142
right_shift_rows200000_seed20260530,right_shift,200000,20260530,join,fresh,28,1.3309945431167767,94.49570013747166,1.0,1.0,1.0,1.0,1.0,14,1.0,0.0
right_shift_rows200000_seed20260530,right_shift,200000,20260530,join_dim_filter,stale,28,20.775642472943662,0.0,0.0,0.6428571428571429,0.6428571428571429,0.6428571428571429,0.6428571428571429,10,0.0,0.0
right_shift_rows200000_seed20260530,right_shift,200000,20260530,join_dim_filter,isomer,28,2.586639260635995,87.54965453412763,0.9642857142857143,0.9642857142857143,0.9642857142857143,0.9642857142857143,0.9642857142857143,10,0.9,0.0
right_shift_rows200000_seed20260530,right_shift,200000,20260530,join_dim_filter,oasis,28,4.7496623970955785,77.13831279450869,1.0,0.8571428571428571,0.8571428571428571,0.8571428571428571,0.8571428571428571,10,0.6,0.0
right_shift_rows200000_seed20260530,right_shift,200000,20260530,join_dim_filter,oasis_projected,28,2.576950404326008,87.59629018605804,0.9642857142857143,0.9642857142857143,0.9642857142857143,0.9642857142857143,0.9642857142857143,10,0.9,0.0
right_shift_rows200000_seed20260530,right_shift,200000,20260530,join_dim_filter,oasis_soft_projection,28,2.5960210213490775,87.50449703430398,0.9642857142857143,0.9642857142857143,0.9642857142857143,0.9642857142857143,0.9642857142857143,10,0.9,0.0
right_shift_rows200000_seed20260530,right_shift,200000,20260530,join_dim_filter,hybrid,28,2.584127651637885,87.56174373426371,0.9642857142857143,0.9642857142857143,0.9642857142857143,0.9642857142857143,0.9642857142857143,10,0.9,0.0
right_shift_rows200000_seed20260530,right_shift,200000,20260530,join_dim_filter,aggressive_hybrid,28,2.5925203998952884,87.52134667665968,0.9642857142857143,0.9642857142857143,0.9642857142857143,0.9642857142857143,0.9642857142857143,10,0.9,0.0
right_shift_rows200000_seed20260530,right_shift,200000,20260530,join_dim_filter,calibrated_hybrid,28,2.5750148435194733,87.605606676795,0.9642857142857143,0.9642857142857143,0.9642857142857143,0.9642857142857143,0.9642857142857143,10,0.9,0.0
right_shift_rows200000_seed20260530,right_shift,200000,20260530,join_dim_filter,fresh,28,1.3159834201510436,93.66573899283807,1.0,1.0,1.0,1.0,1.0,10,1.0,0.0
right_shift_rows200000_seed20260531,right_shift,200000,20260531,all,stale,84,22.590686403814683,0.0,0.0,0.6071428571428571,0.6904761904761905,0.6071428571428571,0.7976190476190477,33,0.0,0.0
right_shift_rows200000_seed20260531,right_shift,200000,20260531,all,isomer,84,2.7215666856903207,87.95270476938339,0.9642857142857143,0.9404761904761905,0.9404761904761905,0.9404761904761905,0.9523809523809523,33,0.8787878787878788,0.0196078431372549
right_shift_rows200000_seed20260531,right_shift,200000,20260531,all,oasis,84,5.254444912852989,76.74065843362015,0.9880952380952381,0.8333333333333334,0.8571428571428571,0.8333333333333334,0.9047619047619048,33,0.6060606060606061,0.0196078431372549
right_shift_rows200000_seed20260531,right_shift,200000,20260531,all,oasis_projected,84,2.7298493640770514,87.91604064046462,0.9642857142857143,0.9166666666666666,0.9285714285714286,0.9166666666666666,0.9523809523809523,33,0.8181818181818182,0.0196078431372549
right_shift_rows200000_seed20260531,right_shift,200000,20260531,all,oasis_soft_projection,84,2.719784199862626,87.96059512647936,0.9642857142857143,0.9166666666666666,0.9285714285714286,0.9166666666666666,0.9523809523809523,33,0.8181818181818182,0.0196078431372549
right_shift_rows200000_seed20260531,right_shift,200000,20260531,all,hybrid,84,2.712082840696545,87.99468598599739,0.9642857142857143,0.9166666666666666,0.9285714285714286,0.9166666666666666,0.9523809523809523,33,0.8181818181818182,0.0196078431372549
right_shift_rows200000_seed20260531,right_shift,200000,20260531,all,aggressive_hybrid,84,2.7134587929898517,87.9885951914606,0.9642857142857143,0.9166666666666666,0.9285714285714286,0.9166666666666666,0.9523809523809523,33,0.8181818181818182,0.0196078431372549
right_shift_rows200000_seed20260531,right_shift,200000,20260531,all,calibrated_hybrid,84,2.7154378759295894,87.97983457700047,0.9642857142857143,0.9166666666666666,0.9285714285714286,0.9166666666666666,0.9523809523809523,33,0.8181818181818182,0.0196078431372549
right_shift_rows200000_seed20260531,right_shift,200000,20260531,all,fresh,84,1.3429721683595692,94.05519538293979,0.9880952380952381,1.0,1.0,1.0,1.0,33,1.0,0.0
right_shift_rows200000_seed20260531,right_shift,200000,20260531,scan,stale,28,23.87414267868948,0.0,0.0,0.6785714285714286,0.6785714285714286,0.6785714285714286,1.0,9,0.0,0.0
right_shift_rows200000_seed20260531,right_shift,200000,20260531,scan,isomer,28,2.7953144414687046,88.29145624582425,0.9642857142857143,0.9642857142857143,0.9642857142857143,0.9642857142857143,1.0,9,0.8888888888888888,0.0
right_shift_rows200000_seed20260531,right_shift,200000,20260531,scan,oasis,28,5.51861470007382,76.88455340848809,1.0,0.8571428571428571,0.8571428571428571,0.8571428571428571,1.0,9,0.5555555555555556,0.0
right_shift_rows200000_seed20260531,right_shift,200000,20260531,scan,oasis_projected,28,2.7997750797067327,88.2727722733857,0.9642857142857143,0.9285714285714286,0.9285714285714286,0.9285714285714286,1.0,9,0.7777777777777778,0.0
right_shift_rows200000_seed20260531,right_shift,200000,20260531,scan,oasis_soft_projection,28,2.789461285190835,88.31597296400192,0.9642857142857143,0.9285714285714286,0.9285714285714286,0.9285714285714286,1.0,9,0.7777777777777778,0.0
right_shift_rows200000_seed20260531,right_shift,200000,20260531,scan,hybrid,28,2.7814950904659996,88.3493404228131,0.9642857142857143,0.9285714285714286,0.9285714285714286,0.9285714285714286,1.0,9,0.7777777777777778,0.0
right_shift_rows200000_seed20260531,right_shift,200000,20260531,scan,aggressive_hybrid,28,2.7830599743320437,88.34278570004419,0.9642857142857143,0.9285714285714286,0.9285714285714286,0.9285714285714286,1.0,9,0.7777777777777778,0.0
right_shift_rows200000_seed20260531,right_shift,200000,20260531,scan,calibrated_hybrid,28,2.7850838670958034,88.3343083578795,0.9642857142857143,0.9285714285714286,0.9285714285714286,0.9285714285714286,1.0,9,0.7777777777777778,0.0
right_shift_rows200000_seed20260531,right_shift,200000,20260531,scan,fresh,28,1.3469516238306098,94.35811521293736,1.0,1.0,1.0,1.0,1.0,9,1.0,0.0
right_shift_rows200000_seed20260531,right_shift,200000,20260531,join,stale,28,23.87414267868948,0.0,0.0,0.5,0.75,0.5,0.75,14,0.0,0.0
right_shift_rows200000_seed20260531,right_shift,200000,20260531,join,isomer,28,2.7953144414687046,88.29145624582425,0.9642857142857143,0.8928571428571429,0.8928571428571429,0.8928571428571429,0.8928571428571429,14,0.8571428571428571,0.07142857142857142
right_shift_rows200000_seed20260531,right_shift,200000,20260531,join,oasis,28,5.51861470007382,76.88455340848809,1.0,0.7857142857142857,0.8571428571428571,0.7857142857142857,0.8571428571428571,14,0.6428571428571429,0.07142857142857142
right_shift_rows200000_seed20260531,right_shift,200000,20260531,join,oasis_projected,28,2.7997750797067327,88.2727722733857,0.9642857142857143,0.8571428571428571,0.8928571428571429,0.8571428571428571,0.8928571428571429,14,0.7857142857142857,0.07142857142857142
right_shift_rows200000_seed20260531,right_shift,200000,20260531,join,oasis_soft_projection,28,2.789461285190835,88.31597296400192,0.9642857142857143,0.8571428571428571,0.8928571428571429,0.8571428571428571,0.8928571428571429,14,0.7857142857142857,0.07142857142857142
right_shift_rows200000_seed20260531,right_shift,200000,20260531,join,hybrid,28,2.7814950904659996,88.3493404228131,0.9642857142857143,0.8571428571428571,0.8928571428571429,0.8571428571428571,0.8928571428571429,14,0.7857142857142857,0.07142857142857142
right_shift_rows200000_seed20260531,right_shift,200000,20260531,join,aggressive_hybrid,28,2.7830599743320437,88.34278570004419,0.9642857142857143,0.8571428571428571,0.8928571428571429,0.8571428571428571,0.8928571428571429,14,0.7857142857142857,0.07142857142857142
right_shift_rows200000_seed20260531,right_shift,200000,20260531,join,calibrated_hybrid,28,2.7850838670958034,88.3343083578795,0.9642857142857143,0.8571428571428571,0.8928571428571429,0.8571428571428571,0.8928571428571429,14,0.7857142857142857,0.07142857142857142
right_shift_rows200000_seed20260531,right_shift,200000,20260531,join,fresh,28,1.3469516238306098,94.35811521293736,1.0,1.0,1.0,1.0,1.0,14,1.0,0.0
right_shift_rows200000_seed20260531,right_shift,200000,20260531,join_dim_filter,stale,28,20.227057574555616,0.0,0.0,0.6428571428571429,0.6428571428571429,0.6428571428571429,0.6428571428571429,10,0.0,0.0
right_shift_rows200000_seed20260531,right_shift,200000,20260531,join_dim_filter,isomer,28,2.57985682248458,87.24551599769073,0.9642857142857143,0.9642857142857143,0.9642857142857143,0.9642857142857143,0.9642857142857143,10,0.9,0.0
right_shift_rows200000_seed20260531,right_shift,200000,20260531,join_dim_filter,oasis,28,4.763436531102207,76.45017564445796,0.9642857142857143,0.8571428571428571,0.8571428571428571,0.8571428571428571,0.8571428571428571,10,0.6,0.0
right_shift_rows200000_seed20260531,right_shift,200000,20260531,join_dim_filter,oasis_projected,28,2.595193599067406,87.16969292492645,0.9642857142857143,0.9642857142857143,0.9642857142857143,0.9642857142857143,0.9642857142857143,10,0.9,0.0
right_shift_rows200000_seed20260531,right_shift,200000,20260531,join_dim_filter,oasis_soft_projection,28,2.585607881931537,87.21708349125346,0.9642857142857143,0.9642857142857143,0.9642857142857143,0.9642857142857143,0.9642857142857143,10,0.9,0.0
right_shift_rows200000_seed20260531,right_shift,200000,20260531,join_dim_filter,hybrid,28,2.578411665546612,87.25266066978476,0.9642857142857143,0.9642857142857143,0.9642857142857143,0.9642857142857143,0.9642857142857143,10,0.9,0.0
right_shift_rows200000_seed20260531,right_shift,200000,20260531,join_dim_filter,aggressive_hybrid,28,2.579434839104377,87.24760222985104,0.9642857142857143,0.9642857142857143,0.9642857142857143,0.9642857142857143,0.9642857142857143,10,0.9,0.0
right_shift_rows200000_seed20260531,right_shift,200000,20260531,join_dim_filter,calibrated_hybrid,28,2.5813272080336382,87.2382465985523,0.9642857142857143,0.9642857142857143,0.9642857142857143,0.9642857142857143,0.9642857142857143,10,0.9,0.0
right_shift_rows200000_seed20260531,right_shift,200000,20260531,join_dim_filter,fresh,28,1.335048493583637,93.3996900505042,0.9642857142857143,1.0,1.0,1.0,1.0,10,1.0,0.0
