q,source,label,router_choice,count,fraction
all,stale,Stale prior,stale,47,0.091796875
all,stale,Stale prior,isomer,443,0.865234375
all,stale,Stale prior,noproj,0,0.0
all,stale,Stale prior,hard,0,0.0
all,stale,Stale prior,soft,22,0.04296875
all,lininterp,LinInterp,stale,48,0.09375
all,lininterp,LinInterp,isomer,389,0.759765625
all,lininterp,LinInterp,noproj,0,0.0
all,lininterp,LinInterp,hard,71,0.138671875
all,lininterp,LinInterp,soft,4,0.0078125
all,feedavg,FeedAvg,stale,48,0.09375
all,feedavg,FeedAvg,isomer,328,0.640625
all,feedavg,FeedAvg,noproj,0,0.0
all,feedavg,FeedAvg,hard,124,0.2421875
all,feedavg,FeedAvg,soft,12,0.0234375
all,stholes,STHoles,stale,48,0.09375
all,stholes,STHoles,isomer,398,0.77734375
all,stholes,STHoles,noproj,0,0.0
all,stholes,STHoles,hard,59,0.115234375
all,stholes,STHoles,soft,7,0.013671875
all,quicksel_h,QuickSel-H,stale,48,0.09375
all,quicksel_h,QuickSel-H,isomer,342,0.66796875
all,quicksel_h,QuickSel-H,noproj,0,0.0
all,quicksel_h,QuickSel-H,hard,114,0.22265625
all,quicksel_h,QuickSel-H,soft,8,0.015625
all,lqm,LQM (learned QD),stale,48,0.09375
all,lqm,LQM (learned QD),isomer,157,0.306640625
all,lqm,LQM (learned QD),noproj,0,0.0
all,lqm,LQM (learned QD),hard,292,0.5703125
all,lqm,LQM (learned QD),soft,15,0.029296875
all,oasis_mlp,OASIS MLP,stale,48,0.09375
all,oasis_mlp,OASIS MLP,isomer,400,0.78125
all,oasis_mlp,OASIS MLP,noproj,0,0.0
all,oasis_mlp,OASIS MLP,hard,61,0.119140625
all,oasis_mlp,OASIS MLP,soft,3,0.005859375
1,stale,Stale prior,stale,26,0.203125
1,stale,Stale prior,isomer,96,0.75
1,stale,Stale prior,noproj,0,0.0
1,stale,Stale prior,hard,0,0.0
1,stale,Stale prior,soft,6,0.046875
1,lininterp,LinInterp,stale,27,0.2109375
1,lininterp,LinInterp,isomer,86,0.671875
1,lininterp,LinInterp,noproj,0,0.0
1,lininterp,LinInterp,hard,14,0.109375
1,lininterp,LinInterp,soft,1,0.0078125
1,feedavg,FeedAvg,stale,27,0.2109375
1,feedavg,FeedAvg,isomer,73,0.5703125
1,feedavg,FeedAvg,noproj,0,0.0
1,feedavg,FeedAvg,hard,24,0.1875
1,feedavg,FeedAvg,soft,4,0.03125
1,stholes,STHoles,stale,27,0.2109375
1,stholes,STHoles,isomer,88,0.6875
1,stholes,STHoles,noproj,0,0.0
1,stholes,STHoles,hard,13,0.1015625
1,stholes,STHoles,soft,0,0.0
1,quicksel_h,QuickSel-H,stale,27,0.2109375
1,quicksel_h,QuickSel-H,isomer,83,0.6484375
1,quicksel_h,QuickSel-H,noproj,0,0.0
1,quicksel_h,QuickSel-H,hard,18,0.140625
1,quicksel_h,QuickSel-H,soft,0,0.0
1,lqm,LQM (learned QD),stale,27,0.2109375
1,lqm,LQM (learned QD),isomer,54,0.421875
1,lqm,LQM (learned QD),noproj,0,0.0
1,lqm,LQM (learned QD),hard,46,0.359375
1,lqm,LQM (learned QD),soft,1,0.0078125
1,oasis_mlp,OASIS MLP,stale,27,0.2109375
1,oasis_mlp,OASIS MLP,isomer,90,0.703125
1,oasis_mlp,OASIS MLP,noproj,0,0.0
1,oasis_mlp,OASIS MLP,hard,10,0.078125
1,oasis_mlp,OASIS MLP,soft,1,0.0078125
3,stale,Stale prior,stale,12,0.09375
3,stale,Stale prior,isomer,112,0.875
3,stale,Stale prior,noproj,0,0.0
3,stale,Stale prior,hard,0,0.0
3,stale,Stale prior,soft,4,0.03125
3,lininterp,LinInterp,stale,12,0.09375
3,lininterp,LinInterp,isomer,100,0.78125
3,lininterp,LinInterp,noproj,0,0.0
3,lininterp,LinInterp,hard,16,0.125
3,lininterp,LinInterp,soft,0,0.0
3,feedavg,FeedAvg,stale,12,0.09375
3,feedavg,FeedAvg,isomer,88,0.6875
3,feedavg,FeedAvg,noproj,0,0.0
3,feedavg,FeedAvg,hard,26,0.203125
3,feedavg,FeedAvg,soft,2,0.015625
3,stholes,STHoles,stale,12,0.09375
3,stholes,STHoles,isomer,102,0.796875
3,stholes,STHoles,noproj,0,0.0
3,stholes,STHoles,hard,14,0.109375
3,stholes,STHoles,soft,0,0.0
3,quicksel_h,QuickSel-H,stale,12,0.09375
3,quicksel_h,QuickSel-H,isomer,94,0.734375
3,quicksel_h,QuickSel-H,noproj,0,0.0
3,quicksel_h,QuickSel-H,hard,21,0.1640625
3,quicksel_h,QuickSel-H,soft,1,0.0078125
3,lqm,LQM (learned QD),stale,12,0.09375
3,lqm,LQM (learned QD),isomer,45,0.3515625
3,lqm,LQM (learned QD),noproj,0,0.0
3,lqm,LQM (learned QD),hard,68,0.53125
3,lqm,LQM (learned QD),soft,3,0.0234375
3,oasis_mlp,OASIS MLP,stale,12,0.09375
3,oasis_mlp,OASIS MLP,isomer,103,0.8046875
3,oasis_mlp,OASIS MLP,noproj,0,0.0
3,oasis_mlp,OASIS MLP,hard,12,0.09375
3,oasis_mlp,OASIS MLP,soft,1,0.0078125
5,stale,Stale prior,stale,6,0.046875
5,stale,Stale prior,isomer,113,0.8828125
5,stale,Stale prior,noproj,0,0.0
5,stale,Stale prior,hard,0,0.0
5,stale,Stale prior,soft,9,0.0703125
5,lininterp,LinInterp,stale,6,0.046875
5,lininterp,LinInterp,isomer,100,0.78125
5,lininterp,LinInterp,noproj,0,0.0
5,lininterp,LinInterp,hard,19,0.1484375
5,lininterp,LinInterp,soft,3,0.0234375
5,feedavg,FeedAvg,stale,6,0.046875
5,feedavg,FeedAvg,isomer,82,0.640625
5,feedavg,FeedAvg,noproj,0,0.0
5,feedavg,FeedAvg,hard,35,0.2734375
5,feedavg,FeedAvg,soft,5,0.0390625
5,stholes,STHoles,stale,6,0.046875
5,stholes,STHoles,isomer,105,0.8203125
5,stholes,STHoles,noproj,0,0.0
5,stholes,STHoles,hard,11,0.0859375
5,stholes,STHoles,soft,6,0.046875
5,quicksel_h,QuickSel-H,stale,6,0.046875
5,quicksel_h,QuickSel-H,isomer,88,0.6875
5,quicksel_h,QuickSel-H,noproj,0,0.0
5,quicksel_h,QuickSel-H,hard,29,0.2265625
5,quicksel_h,QuickSel-H,soft,5,0.0390625
5,lqm,LQM (learned QD),stale,6,0.046875
5,lqm,LQM (learned QD),isomer,29,0.2265625
5,lqm,LQM (learned QD),noproj,0,0.0
5,lqm,LQM (learned QD),hard,86,0.671875
5,lqm,LQM (learned QD),soft,7,0.0546875
5,oasis_mlp,OASIS MLP,stale,6,0.046875
5,oasis_mlp,OASIS MLP,isomer,101,0.7890625
5,oasis_mlp,OASIS MLP,noproj,0,0.0
5,oasis_mlp,OASIS MLP,hard,21,0.1640625
5,oasis_mlp,OASIS MLP,soft,0,0.0
10,stale,Stale prior,stale,3,0.0234375
10,stale,Stale prior,isomer,122,0.953125
10,stale,Stale prior,noproj,0,0.0
10,stale,Stale prior,hard,0,0.0
10,stale,Stale prior,soft,3,0.0234375
10,lininterp,LinInterp,stale,3,0.0234375
10,lininterp,LinInterp,isomer,103,0.8046875
10,lininterp,LinInterp,noproj,0,0.0
10,lininterp,LinInterp,hard,22,0.171875
10,lininterp,LinInterp,soft,0,0.0
10,feedavg,FeedAvg,stale,3,0.0234375
10,feedavg,FeedAvg,isomer,85,0.6640625
10,feedavg,FeedAvg,noproj,0,0.0
10,feedavg,FeedAvg,hard,39,0.3046875
10,feedavg,FeedAvg,soft,1,0.0078125
10,stholes,STHoles,stale,3,0.0234375
10,stholes,STHoles,isomer,103,0.8046875
10,stholes,STHoles,noproj,0,0.0
10,stholes,STHoles,hard,21,0.1640625
10,stholes,STHoles,soft,1,0.0078125
10,quicksel_h,QuickSel-H,stale,3,0.0234375
10,quicksel_h,QuickSel-H,isomer,77,0.6015625
10,quicksel_h,QuickSel-H,noproj,0,0.0
10,quicksel_h,QuickSel-H,hard,46,0.359375
10,quicksel_h,QuickSel-H,soft,2,0.015625
10,lqm,LQM (learned QD),stale,3,0.0234375
10,lqm,LQM (learned QD),isomer,29,0.2265625
10,lqm,LQM (learned QD),noproj,0,0.0
10,lqm,LQM (learned QD),hard,92,0.71875
10,lqm,LQM (learned QD),soft,4,0.03125
10,oasis_mlp,OASIS MLP,stale,3,0.0234375
10,oasis_mlp,OASIS MLP,isomer,106,0.828125
10,oasis_mlp,OASIS MLP,noproj,0,0.0
10,oasis_mlp,OASIS MLP,hard,18,0.140625
10,oasis_mlp,OASIS MLP,soft,1,0.0078125
