pair,n_rows,pearson_r,avi_qerr,sthole_qerr,feedback_qerr,improve_pct
bike:temp~atemp,17379,0.9877,1.6878,1.5489,1.4924,11.57
bike:casual~cnt,17379,0.6946,2.0881,1.9642,1.4356,31.25
wwhite:freeSO2~totSO2,4898,0.6155,1.4910,1.4638,1.3117,12.03
wred:fixedAcid~pH,1599,-0.6830,1.5317,1.4532,1.3583,11.32
wred:density~alcohol,1599,-0.4962,1.4186,1.4435,1.2640,10.90
forest:hill9~hill3,581012,-0.7803,1.8225,1.6134,1.4750,19.07
forest:elev~roadway,581012,0.3656,1.3265,1.3831,1.2369,6.76
census:age~hours,32561,0.0688,1.1861,1.4513,1.1396,3.92
AGGREGATE,,,1.5379,1.5288,1.3280,13.65
